peak_chr	gene_name	peaksPerGene
chr7	NAV2:NM_001111016:NM_175272	10
chr19	ABLIM1:NM_001103178:NM_001103177:NM_178688	8
chr11	CYTH1:NM_001112700:NM_001112699:NM_011180	8
chr11	SEPT9:NM_001113486:NM_001113487:NM_017380:NM_001113488	8
chr7	PDE2A:NM_001143848:NM_001008548:NM_001143849:NR_026574	7
chr2	PREX1:NM_177782	7
chr13	SEMA4D:NM_013660	7
chr10	CHST11:NM_021439	7
chr9	SEMA7A:NM_011352	6
chr8	IRF8:NM_008320	6
chr7	SEMA4B:NM_013659	6
chr6	CECR2:NM_001128151	6
chr5	KATNAL1:NM_153572	6
chr5	NCOR2:NM_011424	6
chr2	NFATC2:NM_010899:NM_001136073:NM_001037177:NM_001037178	6
chr17	PRKCE:NM_011104	6
chr13	NEDD9:NM_017464:NM_001111324	6
chr11	TBC1D16:NM_172443	6
chr10	CRADD:NM_009950	6
chr8	ARHGEF10:NM_172751:NM_001037736	5
chr7	AKAP13:NM_029332	5
chr6	ITPR2:NM_019923:NM_010586	5
chr5	RHOF:NM_175092	5
chr5	TBC1D1:NM_019636	5
chr4	HIVEP3:NM_010657	5
chr3	BCAR3:NM_013867	5
chr3	MAML3:NM_001004176	5
chr19	NR_028427:NR_028427	5
chr17	SIK1:NM_010831	5
chr16	ERG:NM_133659	5
chr15	MTSS1:NM_001146180:NM_144800	5
chr14	PEBP4:NM_028560:NM_028526	5
chr14	ZMIZ1:NM_183208	5
chr12	RAD51L1:NM_009014	5
chr11	IKZF3:NM_011771	5
chr11	KSR1:NM_013571	5
chr11	TNS3:NM_001083587	5
chr9	CORO2B:NM_175484	4
chr9	HEMK1:NM_133984	4
chr9	SMAD3:NM_016769	4
chr9	TRAK1:NM_175114	4
chr8	FTO:NM_011936	4
chr8	IRF2BP2:NM_001164598	4
chr8	PLCG2:NM_172285	4
chr8	RBPMS:NM_001042674:NM_019733:NM_001042675	4
chr7	DLG2:NM_011807	4
chr7	IL21R:NM_021887	4
chr7	ODZ4:NM_011858	4
chr7	XRCC1:NM_009532	4
chr6	IQSEC1:NM_001134383:NM_001134384	4
chr6	TXNRD3:NM_153162	4
chr5	SELPLG:NM_009151	4
chr5	SLC4A4:NM_001136260:NM_018760	4
chr5	TPST2:NM_009419	4
chr5	WDFY3:NM_172882	4
chr4	EPHA2:NM_010139	4
chr2	ACOXL:NM_028765	4
chr2	B4GALT5:NM_019835	4
chr2	BMF:NM_138313	4
chr2	PIP4K2A:NM_008845	4
chr2	PTPRJ:NM_001135657:NM_008982	4
chr2	VAV2:NM_009500	4
chr19	BLNK:NM_008528	4
chr19	MACROD1:NM_134147	4
chr19	NAA40:NM_027643	4
chr19	PIK3AP1:NM_031376	4
chr19	SH3PXD2A:NM_008018:NM_001164717	4
chr19	SLIT1:NM_015748	4
chr17	CCND3:NM_001081636:NM_001081635:NM_007632	4
chr17	FGD2:NM_013710:NM_001159538	4
chr17	MAN2A1:NM_008549	4
chr16	A630055G03RIK:NM_001162932	4
chr16	RUNX1:NM_001111023:NM_009821:NM_001111021:NM_001111022	4
chr16	SNX29:NM_028964	4
chr15	LY6E:NM_001164037:NM_001164039:NM_001164038:NM_001164036:NM_008529:NM_001164040	4
chr15	TRIO:NM_001081302	4
chr14	BLK:NM_007549	4
chr13	IRF4:NM_013674	4
chr13	PDE4D:NM_011056	4
chr12	PGF:NM_008827	4
chr11	B3GNT2:NM_016888:NM_001169114	4
chr11	EMID1:NM_080595	4
chr11	ITK:NM_010583	4
chr11	RECQL5:NM_130454	4
chr11	TMEM132E:NM_023438	4
chr11	ZZEF1:NM_001045536	4
chr1	AFF3:NM_010678	4
chr1	MGAT5:NM_145128	4
chr1	PPP2R5A:NM_144880	4
chr9	4930486G11RIK:NM_175213	3
chr9	AI118078:NM_172923	3
chr9	CCR2:NM_009915	3
chr9	DENND4A:NM_001162917	3
chr9	ETS1:NM_011808:NM_001038642	3
chr9	ITGA9:NM_133721:NM_001113514	3
chr9	SORL1:NM_011436	3
chr9	TMEM123:NM_133739	3
chr9	ULK4:NM_177589	3
chr8	4933407C03RIK:NM_001163262:NM_028941	3
chr8	ACSL1:NM_007981	3
chr8	CRISPLD2:NM_030209	3
chr8	GSE1:NM_198671:NM_001145897:NM_001145896	3
chr8	SLC10A7:NM_029736	3
chr8	ZFP423:NM_033327	3
chr7	2610024B07RIK:NM_009346:NM_001166584:NM_001166585	3
chr7	LSP1:NM_001136071:NM_019391	3
chr7	NM_001113379:NM_001113379	3
chr7	NUCB2:NM_016773:NM_001130479	3
chr7	PSMA1:NM_011965	3
chr7	RGS10:NM_026418	3
chr7	SOX6:NM_011445:NM_001025560:NM_001025559	3
chr7	TMC7:NM_172476	3
chr7	UVRAG:NM_178635	3
chr6	AAK1:NM_177762:NM_001040106	3
chr6	ABTB1:NM_030251	3
chr6	BCAT1:NM_001024468:NM_007532	3
chr6	CD69:NM_001033122	3
chr6	CECR5:NM_144815	3
chr6	IMPDH1:NM_011829	3
chr6	MGLL:NM_011844:NM_001166249:NM_001166250:NM_001166251	3
chr6	PLXNA1:NM_008881	3
chr6	TBXAS1:NM_011539	3
chr6	WNT5B:NM_009525	3
chr5	BC057022:NM_001004180	3
chr5	BCL7A:NM_029850	3
chr5	ISCU:NM_025526	3
chr5	JAKMIP1:NM_178394	3
chr5	LMTK2:NM_001081109	3
chr5	PRKAG2:NM_001170556:NM_001170555:NM_145401	3
chr5	RHOH:NM_001081105	3
chr5	SNX8:NM_172277	3
chr5	SORCS2:NM_030889	3
chr4	CAMTA1:NM_001081557:NM_001166021	3
chr4	E130309F12RIK:NM_178756	3
chr4	EPB4.1L4B:NM_019427	3
chr4	ID3:NM_008321	3
chr4	JUN:NM_010591	3
chr4	LAPTM5:NM_010686	3
chr4	MAP3K7:NM_009316:NM_172688	3
chr4	NFIA:NM_001122952:NM_010905:NM_001122953	3
chr4	PADI2:NM_008812	3
chr4	PPT1:NM_008917	3
chr4	SPOCD1:NM_001144949	3
chr3	ALG14:NM_024178	3
chr3	B930007M17RIK:NM_198659	3
chr3	FNDC3B:NM_173182	3
chr3	LHFP:NM_175386	3
chr3	NM_177855:NM_177855	3
chr3	PDLIM5:NM_019808:NM_022554:NM_019809	3
chr2	DAB2IP:NM_001114125:NM_001114124:NM_001001602	3
chr2	ELL3:NM_145973	3
chr2	KCNB1:NM_008420	3
chr2	LMO2:NM_001142337:NM_001142336:NM_008505:NM_001142335	3
chr2	SIRPA:NM_007547:NM_001177646:NM_001177647	3
chr2	SNORD17:NR_030762	3
chr2	TANC1:NM_198294	3
chr2	TRAF1:NM_009421	3
chr2	TRP53I11:NM_001025246	3
chr2	TTLL11:NM_028921:NM_029774	3
chr19	CCDC88B:NM_001081291	3
chr19	NRXN2:NM_020253	3
chr19	SYVN1:NM_028769:NM_001164709	3
chr18	ARHGAP26:NM_175164	3
chr18	CAMK2A:NM_177407:NM_009792	3
chr18	KLHL14:NM_001081403	3
chr18	MBP:NM_001025245:NM_010777:NM_001025255:NM_001025251:NM_001025259:NM_001025258:NM_001025256:NM_001025254	3
chr17	BC032203:NM_001100452	3
chr17	CPNE5:NM_153166	3
chr17	DEF6:NM_027185	3
chr17	MRPS18A:NM_026768	3
chr17	MTCH1:NM_019880	3
chr17	NFKBIL1:NM_010909	3
chr17	NUDT3:NM_019837	3
chr17	RASGRP3:NM_001166493:NM_207246	3
chr17	RFTN1:NM_181397	3
chr16	2610528E23RIK:NM_025599	3
chr16	AI480653:NM_198626	3
chr16	HEG1:NM_175256	3
chr16	HES1:NM_008235	3
chr16	OPA1:NM_133752	3
chr16	VPS8:NM_001081366	3
chr15	ATXN10:NM_016843	3
chr15	CERK:NM_145475	3
chr15	GRAMD4:NM_172611	3
chr15	LDOC1L:NM_177630	3
chr15	SCUBE1:NM_022723	3
chr15	ST3GAL1:NM_009177	3
chr15	YWHAZ:NM_011740	3
chr14	1300010F03RIK:NM_173758:NM_027906	3
chr14	NM_001146022:NM_001146022	3
chr14	SAMD4:NM_028966:NM_001037221:NM_001163433	3
chr13	CPLX2:NM_009946	3
chr13	GFOD1:NM_001033399	3
chr13	MAP3K1:NM_011945	3
chr12	4831426I19RIK:NM_001042699:NM_172500	3
chr12	ASB2:NM_023049	3
chr12	C130039O16RIK:NM_001163502:NM_001163501	3
chr12	DNMT3A:NM_007872:NM_153743	3
chr12	PSMA6:NM_011968	3
chr12	PSMC1:NM_008947	3
chr12	RAPGEF5:NM_175930	3
chr12	TTC7B:NM_001033213	3
chr11	2210020M01RIK:NM_183259	3
chr11	BCAS3:NM_138681:NM_001166643:NM_001166642	3
chr11	CBX4:NM_007625	3
chr11	CDKN2AIPNL:NM_029976	3
chr11	EBF1:IMP_00002:NM_007897	3
chr11	GAS7:NM_008088:NM_001109657	3
chr11	MSI2:NM_054043	3
chr11	PLEKHM1:NM_183034	3
chr11	POLM:NM_017401	3
chr11	PRKCA:NM_011101	3
chr11	RHBDF2:NM_001167680:NM_172572	3
chr11	SLC43A2:NM_173388	3
chr11	STK10:NM_009288	3
chr11	THA1:NM_027919	3
chr11	UBLCP1:NM_024475	3
chr11	WSB1:NM_019653:NM_001042565	3
chr10	CDH23:NM_023370	3
chr10	COL18A1:NM_001109991:NM_009929	3
chr10	GSTT2:NM_010361	3
chr10	HIVEP2:NM_010437	3
chr10	MAP3K5:NM_008580	3
chr10	MTHFD1L:NM_001170785:NM_001170786:NM_172308	3
chr10	PCNT:NM_008787	3
chr10	RFX4:NM_001024918:NM_027689	3
chr10	RNF41:NM_026259:NM_001164237	3
chr10	TCF3:NM_001164151:NM_011548:NM_001164148:NM_001164152:NM_001164150:NM_001164149:NM_001164147:NM_001164153	3
chr1	BTG2:NM_007570	3
chr1	CLASP1:NM_001081276:NM_177548:NM_029709	3
chr1	HECW2:NM_001001883:NM_172655	3
chr1	INPP5D:NM_001110192:NM_001110193:NM_010566	3
chr1	LBR:NM_133815	3
chr1	NCOA2:NM_008678:NM_001077695	3
chr1	PTPN14:NM_008976	3
chr1	RASSF5:NM_018750	3
chr1	RCSD1:NM_178593:NM_001038846	3
chr1	SYT2:NM_009307	3
chr1	TMEM163:NM_028135	3
chrX	EGFL6:NM_019397	2
chrX	SH3KBP1:NM_001135727:NM_021389:NM_001135728	2
chr9	2610002I17RIK:NM_001081381	2
chr9	ARID3B:NM_019689	2
chr9	C730027P07RIK:NM_177743	2
chr9	CEP164:NM_001081373	2
chr9	CMTM7:NM_133978	2
chr9	CSK:NM_007783	2
chr9	CXCR5:NM_007551	2
chr9	DPP8:NM_028906	2
chr9	DSCAML1:NM_001081270	2
chr9	FBXL12:NM_013911:NM_001002846	2
chr9	FLI1:NM_008026	2
chr9	GPD1L:NM_175380	2
chr9	GRIK4:NM_175481	2
chr9	IL10RA:NM_008348	2
chr9	ISLR2:NM_001161537:NM_001161535:NM_001161540:NM_001161536:NM_177193:NM_001161539:NM_001161538:NM_001161541	2
chr9	LIPC:NM_008280	2
chr9	LRRC1:NM_172528:NM_001146048	2
chr9	MAPK6:NM_027418:NM_015806	2
chr9	MYO1E:NM_181072	2
chr9	NBEAL2:NM_183276	2
chr9	NR_029444:NR_029444	2
chr9	OSBPL10:NM_148958	2
chr9	PKNOX2:NM_001029838:NM_148950	2
chr9	PLEKHO2:NM_153119	2
chr9	RAB6B:NM_173781	2
chr9	RNF7:NM_011279	2
chr9	SCN11A:NM_011887	2
chr9	SIK3:NM_027498	2
chr9	TGFBR2:NM_009371:NM_029575	2
chr9	THY1:NM_009382	2
chr9	TMEM108:NM_178638	2
chr9	TREH:NM_021481	2
chr9	TRPC6:NM_013838	2
chr9	TTC21A:NM_028735	2
chr9	UBASH3B:NM_176860	2
chr9	VIPR1:NM_011703	2
chr8	2310061C15RIK:NM_026844	2
chr8	3930402G23RIK:NR_030715	2
chr8	ADCY7:NM_007406:NM_001109756:NM_001037723:NM_001037724	2
chr8	BRD7:NM_012047	2
chr8	CBFA2T3:NM_177289:NM_001109873:NM_009824	2
chr8	CCDC135:NM_001042715	2
chr8	CD97:NM_001163029:NM_011925:NM_001163030:NM_001163031	2
chr8	D8ERTD82E:NM_172911	2
chr8	DLGAP2:NM_172910:NM_001145965	2
chr8	EGLN1:NM_053207	2
chr8	EIF4EBP1:NM_007918	2
chr8	GALNS:NM_016722	2
chr8	GRK1:NM_011881	2
chr8	GRTP1:NM_025768	2
chr8	NFIX:NM_001081981:NM_001081982:NM_010906	2
chr8	NOD2:NM_145857	2
chr8	NR_015535:NR_015535	2
chr8	NR2F6:NM_010150	2
chr8	NUP93:NM_172410	2
chr8	OSGIN1:NM_027950	2
chr8	PDE4C:NM_201607	2
chr8	PGLS:NM_025396	2
chr8	PLEKHA2:NM_031257	2
chr8	PSD3:NM_027626:NM_030263:NM_177698	2
chr8	RAB20:NM_011227	2
chr8	RASA3:NM_009025	2
chr8	RBM34:NM_172762	2
chr8	SLC9A5:NM_001081332	2
chr8	TRMT1:NM_198020:NM_001164560:NM_001164559	2
chr8	WWOX:NM_019573	2
chr7	ABHD2:NM_018811	2
chr7	AC150648.1:NM_001101488	2
chr7	ARL6IP1:NM_019419	2
chr7	B4GALNT4:NM_177897	2
chr7	BCKDHA:NM_007533	2
chr7	BNC1:NM_007562	2
chr7	CACNG3:NM_019430	2
chr7	CCDC97:NM_028771	2
chr7	CD19:NM_009844	2
chr7	CD22:NM_009845:NM_001043317	2
chr7	CD37:NM_007645	2
chr7	CLEC11A:NM_009131	2
chr7	CRTC3:NM_173863	2
chr7	DOCK1:NM_001033420	2
chr7	DYRK1B:NM_001037957:NM_010092	2
chr7	EHD2:NM_153068	2
chr7	FAM108C:NM_133722	2
chr7	GIYD2:NM_029420:NR_033446	2
chr7	GTF3C1:NM_207239	2
chr7	HNRNPL:NM_177301	2
chr7	IGF1R:NM_010513	2
chr7	IL16:NM_010551	2
chr7	IRGC1:NM_199013	2
chr7	ITGAL:NM_008400	2
chr7	LHPP:NM_029609	2
chr7	LRRC28:NM_175124:NR_028143:NR_028144:NM_027413	2
chr7	ME3:NM_181407	2
chr7	MICAL2:NM_177282	2
chr7	NR_015569:NR_015569	2
chr7	PDE8A:NM_008803	2
chr7	PLEKHA1:NM_133942	2
chr7	POLD1:NM_011131	2
chr7	PPFIBP2:NM_008905:NM_001163557	2
chr7	PRKCB:NM_008855	2
chr7	PRKD2:NM_178900	2
chr7	RCN3:NM_026555	2
chr7	SBK1:NM_145587	2
chr7	SHANK2:NM_001113373:NM_001081370	2
chr7	SPIB:NM_019866	2
chr7	ZFP710:NM_001146000:NM_001145999:NM_175433	2
chr7	ZFP94:NM_009568	2
chr6	2810474O19RIK:NM_026054	2
chr6	4933427D06RIK:NM_175017	2
chr6	AC153828.1:NM_001101431	2
chr6	ANTXR1:NM_054041	2
chr6	ARHGAP25:NM_175476:NM_001037727	2
chr6	BRAF:NM_139294	2
chr6	CD4:NM_013488	2
chr6	CREB5:NM_172728	2
chr6	EMP1:NM_010128	2
chr6	HNRNPF:NM_001166432:NM_133834:NM_001166431:NM_001166430:NM_001166429:NM_001166428:NM_001166427	2
chr6	IL17RA:NM_008359	2
chr6	IRAK2:NM_172161:NM_001113553	2
chr6	ITPR1:NM_010585	2
chr6	LOXL3:NM_013586	2
chr6	LRMP:NM_008511	2
chr6	MKRN1:NM_018810	2
chr6	NINJ2:NM_016718	2
chr6	NM_001164669:NM_001164669	2
chr6	SFXN5:NM_178639	2
chr6	SLC13A4:NM_172892	2
chr6	SLC37A3:NM_028123	2
chr6	TGFA:NM_031199	2
chr6	WNK1:NR_028257:NM_198703	2
chr5	3110082I17RIK:NM_028469	2
chr5	4930519G04RIK:NM_026263	2
chr5	ACOX3:NM_030721	2
chr5	ATP8A1:NM_009727:NM_001038999	2
chr5	CABP1:NM_013879	2
chr5	CARD11:NM_175362	2
chr5	CMKLR1:NM_008153	2
chr5	COQ2:NM_027978	2
chr5	CTBP1:NM_013502	2
chr5	EVI5:NM_007964	2
chr5	FBXO21:NM_145564	2
chr5	FOXK1:NM_199068	2
chr5	G3BP2:NM_001080797:NM_001080794:NM_001080796:NM_011816:NM_001080795	2
chr5	HEATR2:NM_001081265	2
chr5	HSPB8:NM_030704	2
chr5	HVCN1:NM_001042489:NM_028752	2
chr5	LFNG:NM_008494	2
chr5	LHFPL3:NM_001081231:NM_029990	2
chr5	MLL5:NM_026984	2
chr5	MLXIP:NM_177582:NM_133917	2
chr5	MYL10:NM_021611:NM_001085387	2
chr5	OASL1:NM_145209	2
chr5	PAN3:NM_028291	2
chr5	PITPNM2:NM_011256	2
chr5	PPP1CB:NM_172707	2
chr5	PXN:NM_133915:NM_011223	2
chr5	RELN:NM_011261	2
chr5	SDK1:NM_177879	2
chr5	SGSM1:NR_027934:NM_172718:NR_027936:NM_001162965:NR_027937	2
chr5	SHROOM3:NM_015756:NM_001077595:NM_001077596	2
chr5	SRPK2:NM_009274	2
chr5	STIM2:NM_001081103	2
chr5	TAOK3:NM_001081308	2
chr5	TAPT1:NM_173764	2
chr5	TEC:NM_001113464:NM_001113461:NM_001113460	2
chr5	TGFBR3:NM_011578	2
chr5	TPST1:NM_013837:NM_001130476	2
chr5	TTC28:NM_024477	2
chr5	ZAN:NM_011741	2
chr4	2010015L04RIK:NM_001166029:NM_177674	2
chr4	ACOT11:NM_025590	2
chr4	ADC:NM_172875	2
chr4	AIM1L:NM_001162970	2
chr4	AKAP2:NM_172868	2
chr4	ALDH1B1:NM_028270	2
chr4	ARHGEF10L:NM_001112723:NM_172415:NM_001112722	2
chr4	BACH2:NM_007521:NM_001109661	2
chr4	CAP1:NM_007598	2
chr4	CAPZB:NM_009798:NM_001037761	2
chr4	CD72:NM_001110322:NM_001110320:NM_007654:NM_001110321	2
chr4	CDH17:NM_019753	2
chr4	CNR2:NM_009924	2
chr4	EIF4G3:NM_172703	2
chr4	GABBR2:NM_001081141	2
chr4	GLIPR2:NM_027450	2
chr4	GNE:NM_015828	2
chr4	GRHPR:NM_080289	2
chr4	H6PD:NM_173371	2
chr4	HEYL:NM_013905	2
chr4	IL28RA:NM_174851	2
chr4	JAK1:NM_146145	2
chr4	LDLRAP1:NM_145554	2
chr4	LRP8:NM_001080926:NM_053073:NR_033496	2
chr4	MCART1:NM_001009949	2
chr4	NPHP4:NM_153424	2
chr4	NR4A3:NM_015743	2
chr4	PAX5:IMP_00001:NM_008782	2
chr4	RGS3:NM_019492:NM_001081650:NM_134257	2
chr4	RP23-286H14.1:NM_001163288	2
chr4	SH2D5:NM_001099631	2
chr4	SLC9A1:NM_016981	2
chr4	SNX30:NM_172468	2
chr4	TBC1D2:NM_198664	2
chr4	TCEA3:NM_011542	2
chr4	TLR12:NM_205823	2
chr4	TNFRSF1B:NM_011610	2
chr4	TNFRSF9:NM_011612:NM_001077508:NM_001077509	2
chr4	USP24:NM_183225	2
chr4	ZDHHC18:NM_001017968	2
chr3	ADORA3:NM_027025:NM_009631:NM_001174169	2
chr3	BANK1:NM_001033350	2
chr3	CELSR2:NM_017392:NM_001004177	2
chr3	D930015E06RIK:NM_172681	2
chr3	ETV3:NM_001083318:NM_012051	2
chr3	GLT28D2:NM_177130	2
chr3	GM5544:NM_001033779	2
chr3	GPR61:NM_175470	2
chr3	INTS3:NM_178876:NM_145540	2
chr3	LEF1:NM_010703	2
chr3	MCL1:NM_008562	2
chr3	NFKB1:NM_008689	2
chr3	PAG1:NM_053182	2
chr3	PLEKHO1:NM_023320	2
chr3	PROK1:NM_001044382	2
chr3	PTPN22:NM_008979	2
chr3	RARRES1:NM_001164763	2
chr3	ST6GALNAC5:NM_012028	2
chr3	TNFSF10:NM_009425	2
chr3	WDR63:NM_172864	2
chr2	1700021F07RIK:NM_028158	2
chr2	3300002I08RIK:NM_027017	2
chr2	A830007P12RIK:NM_146115	2
chr2	ACSS1:NM_080575	2
chr2	ACVR1:NM_007394:NM_001110205:NM_001110204	2
chr2	AK1:NM_021515	2
chr2	AL591884.1:NR_015558	2
chr2	ATPBD4:NM_025675	2
chr2	B230118H07RIK:NM_026592	2
chr2	BAT2L:NM_172661:NM_001159634	2
chr2	BCL2L1:NM_009743	2
chr2	CACNA1B:NM_007579:NM_001042528	2
chr2	CASS4:NM_001033538:NM_001080820	2
chr2	CHRNA1:NM_007389	2
chr2	COMMD9:NM_029635	2
chr2	CSTAD:NM_030137	2
chr2	CUBN:NM_001081084	2
chr2	D630003M21RIK:NM_001131021:NM_177657	2
chr2	DENND1A:NM_146122	2
chr2	EYA2:NM_010165	2
chr2	FAM125B:NM_175184	2
chr2	FNBP1:NM_001038700:NM_019406:NM_001177650:NM_001177648:NM_001177649	2
chr2	FRMD5:NM_172673	2
chr2	GGTA1:NM_010283:NM_001145821	2
chr2	INO80:NM_026574	2
chr2	LDLRAD3:NM_178886	2
chr2	MGA:NM_013720:NM_001164274	2
chr2	NR_033467:NR_033467	2
chr2	PCIF1:NM_146129	2
chr2	PLCG1:NM_021280	2
chr2	PMEPA1:NM_022995	2
chr2	POFUT1:NM_080463:NM_001039055	2
chr2	PPP1R16B:NM_153089:NM_001159662	2
chr2	PTPN1:NM_011201	2
chr2	RBM38:NM_019547	2
chr2	RBMS1:NM_001141932:NM_001141931:NM_020296	2
chr2	SARDH:NM_138665	2
chr2	SDC4:NM_011521	2
chr2	SLA2:NM_029983	2
chr2	SRC:NM_001025395:NM_009271	2
chr2	ST8SIA6:NM_145838	2
chr2	STXBP1:NM_009295:NM_001113569	2
chr2	TTPAL:NM_029512:NM_181734	2
chr2	UBE2V1:NM_145538	2
chr2	ZMYND8:NM_027230	2
chr19	1110059E24RIK:NM_025423	2
chr19	AC093339.1:NR_015567	2
chr19	AIP:NM_016666	2
chr19	ALDH3B1:NM_026316	2
chr19	BTRC:NM_009771:NM_001037758	2
chr19	EXOC6:NM_175353	2
chr19	FADS2:NM_019699	2
chr19	GBF1:NM_178930	2
chr19	GFRA1:NM_010279	2
chr19	GPAM:NM_008149	2
chr19	GRK5:NM_018869	2
chr19	MEN1:NM_001168488:NM_001168489:NM_008583:NM_001168490	2
chr19	NT5C2:NM_029810:NM_001164365:NM_001164363:NR_028353	2
chr19	PDCD4:NM_011050:NM_001168492:NM_001168491	2
chr19	PRKG1:NM_001013833:NM_011160	2
chr19	SCD1:NM_009127	2
chr19	SDHAF2:NM_025333	2
chr19	SGMS1:NM_001168526:NM_001168525:NM_144792	2
chr19	SLC16A12:NM_172838	2
chr19	TRUB1:NM_029839:NM_028115	2
chr19	UNC93B1:NM_019449:NM_001161428	2
chr19	VTI1A:NM_016862	2
chr18	BIN1:NM_009668:NM_001083334	2
chr18	CXXC5:NM_133687	2
chr18	D18ERTD653E:NM_172631	2
chr18	POLI:NM_001136090:NM_011972	2
chr18	PRELID2:NM_029942	2
chr18	TCF4:NM_013685:NM_001083967	2
chr18	UBE2D2:NM_019912	2
chr18	ZFP521:NM_145492:NM_181326	2
chr18	ZFP608:NM_175751	2
chr17	1110012J17RIK:NM_172963:NM_001114098	2
chr17	ABCG1:NM_009593	2
chr17	ANKS1:NM_181413	2
chr17	BTBD9:NM_172618:NM_027060	2
chr17	CAPN11:NM_001013767	2
chr17	CDC42EP3:NM_026514	2
chr17	CYP39A1:NM_018887	2
chr17	DHX57:NM_198942:NM_001163759	2
chr17	DNAHC8:NM_013811	2
chr17	EMILIN2:NM_145158	2
chr17	EML4:NM_199466:NM_001114362:NM_001114361	2
chr17	EZR:NM_009510	2
chr17	FKBP5:NM_010220	2
chr17	GGNBP1:NM_027544	2
chr17	H2-DMB2:NM_010388	2
chr17	H2-OB:NM_010389	2
chr17	KDM4B:NM_172132	2
chr17	MAP3K4:NM_011948	2
chr17	MTA3:NM_001171054:NM_001171053:NM_001171052:NM_054082	2
chr17	NDC80:NM_023294	2
chr17	PACSIN1:NM_011861:NM_178365	2
chr17	PDE10A:NM_011866	2
chr17	PPARD:NM_011145	2
chr17	RPS6KA2:NM_011299	2
chr17	RUNX2:NM_001145920:NM_009820:NM_001146038	2
chr17	SNX9:NM_025664	2
chr17	SOCS5:NM_019654	2
chr17	T2:NM_001161832	2
chr17	TGIF1:NM_001164077:NM_001164076:NM_009372:NM_001164075:NM_001164074	2
chr17	TMPRSS3:NM_080727:NM_001163776	2
chr17	ZDHHC14:NM_146073	2
chr17	ZFP36L2:NM_001001806	2
chr16	ABCC1:NM_008576	2
chr16	BACH1:NM_007520	2
chr16	BTBD12:NM_177472	2
chr16	CLEC16A:NM_177562	2
chr16	CORO7:NM_030205	2
chr16	DSCAM:NM_031174	2
chr16	DYRK1A:NM_007890:NM_001113389	2
chr16	FAM43A:NM_177632	2
chr16	GM1968:NM_001033403	2
chr16	IFNAR1:NM_010508	2
chr16	IFNGR2:NM_008338	2
chr16	IGF2BP2:NM_183029	2
chr16	IGLL1:IMP_00003_NM_001190325	2
chr16	LPP:NM_178665:NM_001145952:NM_001145954	2
chr16	MORC3:NM_001045529	2
chr16	RTN4R:NM_022982	2
chr16	SENP7:NM_001003972:NM_025483:NM_001003971:NM_001003973	2
chr16	SLC5A3:NM_017391	2
chr16	ST3GAL6:NM_018784	2
chr16	TBC1D23:NM_026254	2
chr16	TOP3B:NM_011624	2
chr16	VPREB1:NM_016982	2
chr16	VPREB2:NM_016983	2
chr16	ZFP295:NM_175428:NM_001081685:NM_001081684	2
chr15	2010109I03RIK:NM_025929	2
chr15	ARHGAP8:NM_146061	2
chr15	CAPSL:NM_029341	2
chr15	CELSR1:NM_009886	2
chr15	CTNND2:NM_008729	2
chr15	DAP:NM_146057	2
chr15	DENND3:NM_001081066	2
chr15	EIF2C2:NM_153178	2
chr15	ELFN2:NM_183141	2
chr15	FAM83A:NM_173862	2
chr15	FMNL3:NM_011711	2
chr15	GPR20:NM_173365	2
chr15	HEATR7A:NM_175457:NM_001162489	2
chr15	MYH9:NM_022410	2
chr15	NM_177151:NM_177151	2
chr15	NSMCE2:NM_001164604:NM_026746	2
chr15	OXR1:NM_001130166:NM_001130165:NM_001130163:NM_130885:NM_001130164	2
chr15	PARVB:NM_133167	2
chr15	PFKM:NM_001163488:NM_001163487:NM_021514	2
chr15	PP11R:NM_008902:NM_001168693	2
chr15	PTP4A3:NM_001166390:NM_001166389:NM_001166388:NM_008975	2
chr15	RAPGEF3:NM_144850	2
chr15	SENP1:NM_144851	2
chr15	SERHL:NM_023475	2
chr15	SLC11A2:NM_008732:NM_001146161	2
chr15	SLC45A4:NM_001168255:NM_001033219	2
chr15	TARS:NM_033074	2
chr15	TMPRSS6:NM_027902	2
chr15	TNFRSF13C:NM_028075	2
chr15	TRAPPC9:NM_029640:NM_180662:NM_001164642:NM_001164643:NM_001164641	2
chr15	TRPS1:NM_032000	2
chr15	ZHX2:NM_199449	2
chr14	1700112E06RIK:NM_028275	2
chr14	ACIN1:NM_019567:NR_024030:NR_024029:NM_001085472:NM_023190:NM_001085473	2
chr14	ADK:NM_134079	2
chr14	DAD1:NM_001113358:NM_010015	2
chr14	DOCK9:NM_001081039:NM_001128308:NM_001128307:NM_134074	2
chr14	GFRA2:NM_008115	2
chr14	GNG2:NM_010315:NM_001038637	2
chr14	LRCH1:NM_001033439	2
chr14	PCCA:NM_144844	2
chr14	PTK2B:NM_001162366:NM_001162365:NM_172498	2
chr14	PXK:NM_178279:NM_145458	2
chr14	RFT1:NM_177815	2
chr14	SCEL:NM_022886	2
chr14	SLC25A30:NM_026232	2
chr14	SLC35F4:NM_029238	2
chr14	SLC39A14:NM_001135152:NM_144808:NM_001135151	2
chr14	TXNDC16:NM_172597	2
chr14	UBAC2:NM_026861	2
chr14	UBE2E1:NM_009455	2
chr14	WAPAL:NM_001004436	2
chr13	ATXN1:NM_009124	2
chr13	CMYA5:NM_023821	2
chr13	E2F3:NM_010093	2
chr13	ELMO1:NM_080288:NM_198093	2
chr13	FBP1:NM_019395	2
chr13	GNG4:NM_010317	2
chr13	HRH2:NM_008286:NM_001010973	2
chr13	LRRC16A:NM_026825	2
chr13	NR_027893:NR_027893	2
chr13	PDE8B:NM_001170669:NM_172263	2
chr13	RANBP9:NM_019930	2
chr13	SERINC5:NM_172588	2
chr13	SLC9A3:NM_001081060	2
chr13	SOX4:NM_009238	2
chr13	SSBP2:NM_024186:NM_024272	2
chr13	SUSD3:NM_025491	2
chr13	SYK:NM_011518	2
chr13	TIFAB:NM_145976:NM_001168615	2
chr12	2610021K21RIK:NM_030172	2
chr12	4930427A07RIK:NM_134041	2
chr12	6430527G18RIK:NM_145836	2
chr12	ADAM6B:NM_001009545	2
chr12	ADSSL1:NM_007421	2
chr12	ATXN7L1:NM_028139:NM_001033436	2
chr12	BAZ1A:NM_013815	2
chr12	BEGAIN:NM_001163175	2
chr12	CCDC88C:NM_026681	2
chr12	CDKL1:NM_183294	2
chr12	FOS:NM_010234	2
chr12	FOXN3:NM_183186	2
chr12	GM1568:NM_001008423	2
chr12	GM266:NM_001033248	2
chr12	ITPK1:NM_172584	2
chr12	PLEKHG3:NM_153804	2
chr12	PPP2R5C:NM_001135001:NM_001081458:NM_012023:NM_001081457	2
chr12	PRKCH:NM_008856	2
chr12	RGS6:NM_015812	2
chr12	RIN3:NM_177620:NM_001161365	2
chr12	SCIN:NM_009132:NM_001146196	2
chr12	SIPA1L1:NM_001167983:NM_172579	2
chr12	TMEM121:NM_153776	2
chr12	TMEM90A:NM_001033334	2
chr12	TTLL5:NM_001081423	2
chr11	ABR:NM_198018:NM_198895:NM_198894	2
chr11	AMZ2:NM_025275	2
chr11	ANKRD43:NM_183173	2
chr11	AP1B1:NM_007454	2
chr11	ARMC7:NM_177778	2
chr11	ATP2A3:NM_016745:NM_001163337:NM_001163336	2
chr11	CAMKK1:NM_018883	2
chr11	COL23A1:NM_153393	2
chr11	CUEDC1:NM_198013:NM_001172099	2
chr11	CYFIP2:NM_133769	2
chr11	DNAIC2:NM_001034878	2
chr11	DNAJC7:NM_019795	2
chr11	GPRC5C:NM_001110337:NM_001110338:NM_147217	2
chr11	ITGB3:NM_016780	2
chr11	NM_176850:NM_176850	2
chr11	NUDCD3:NM_173748	2
chr11	PHF12:NM_174852	2
chr11	PIK3R5:NM_177320	2
chr11	PITPNA:NM_008850	2
chr11	RAI1:NM_009021:NM_001037764	2
chr11	RAP1GAP2:NM_001015046	2
chr11	RAPGEFL1:NM_001080925	2
chr11	RASGEF1C:NM_029004	2
chr11	RFFL:NM_026097:NM_001164570:NM_001164569:NM_001164571:NM_001007465	2
chr11	RNF157:NM_027258	2
chr11	SCN4A:NM_133199	2
chr11	SERPINF1:NM_011340	2
chr11	SLC39A11:NM_027216:NM_001166503	2
chr11	SPNB2:NM_175836:NM_009260	2
chr11	SREBF1:NM_011480	2
chr11	TCF7:NM_009331	2
chr11	THRA:NM_178060	2
chr10	2510003E04RIK:NM_028197	2
chr10	4632428N05RIK:NM_001159572:NM_028732	2
chr10	AGPAT3:NM_053014	2
chr10	ARID3A:NM_007880	2
chr10	CCDC6:NM_001111121	2
chr10	CDK17:NM_146239	2
chr10	CNKSR3:NM_172546	2
chr10	DDIT4:NM_029083	2
chr10	ESYT1:NM_011843	2
chr10	FYN:NM_001122893:NM_001122892:NM_008054	2
chr10	GADD45B:NM_008655	2
chr10	GAS2L3:NM_001079876:NM_001033331	2
chr10	GNA15:NM_010304	2
chr10	GNG7:NM_001038655:NM_010319	2
chr10	ICOSL:NM_015790	2
chr10	IL22RA2:NM_178258	2
chr10	MOBKL2A:NM_172457	2
chr10	OPRM1:NM_001039652	2
chr10	PALM:NM_001161747:NM_023128	2
chr10	PIP5K1C:NM_008844:NM_001146687	2
chr10	PREP:NM_011156	2
chr10	REEP3:NM_178606	2
chr10	SEC63:NM_153055	2
chr10	SLC16A10:NM_001114332:NM_028247	2
chr10	STOX1:NM_001033260	2
chr10	TCP11L2:NM_146008	2
chr10	TSPAN15:NM_197996	2
chr10	UBE2D1:NM_145420	2
chr10	UBE2G2:NM_019803	2
chr10	UTRN:NM_011682	2
chr10	X99384:NM_013753	2
chr10	ZFR2:NM_001034895	2
chr1	ACSL3:NM_001033606:NM_028817:NM_001136222	2
chr1	ANKRD44:NM_001081433:NM_177835	2
chr1	ATF6:NM_001081304	2
chr1	ATP1B1:NM_009721	2
chr1	B3GAT2:NM_172124	2
chr1	BCL2:NM_009741:NM_177410	2
chr1	CCDC115:NM_027159	2
chr1	CCDC19:NM_027972	2
chr1	DYRK3:NM_145508	2
chr1	FCRLA:NM_145141:NR_027666:NM_001160215	2
chr1	KCNQ5:NM_023872:NM_001160139	2
chr1	KIF21B:NM_001039472	2
chr1	LGR6:NM_001033409	2
chr1	MARCH4:NM_001045533	2
chr1	MFSD6:NM_133829:NM_178081	2
chr1	MOGAT1:NM_026713	2
chr1	MREG:NM_001005423	2
chr1	NENF:NM_025424	2
chr1	PHLPP1:NM_133821	2
chr1	PLCL1:NM_001114663	2
chr1	PLEKHM3:NM_001039493	2
chr1	PTMA:NM_008972	2
chr1	PTPRC:NM_011210:NM_001111316	2
chr1	RFTN2:NM_028713	2
chr1	RGS8:NM_026380	2
chr1	SAG:NM_009118	2
chr1	SDCCAG8:NM_029756	2
chr1	SRGAP2:NM_001081011	2
chr1	STAU2:NM_025303:NM_001111272	2
chr1	TMEM131:NM_018872	2
chr1	UCK2:NM_030724	2
chr1	WDR26:NM_145514	2
chr1	ZCCHC2:NM_001122676:NM_001122675	2
chrX	2610030H06RIK:NM_001081356	1
chrX	ARHGAP4:NM_001162424:NM_138630:NM_001162423	1
chrX	BCOR:NM_029510:NM_175045:NM_175046:NM_175044:NM_001168321	1
chrX	BCORL1:NM_178782	1
chrX	BTK:NM_013482	1
chrX	C1GALT1C1:NM_021550	1
chrX	CASK:NM_009806	1
chrX	CDKL5:NM_001024624	1
chrX	CXCR3:NM_009910	1
chrX	EIF2S3X:NM_012010	1
chrX	FAM120C:NM_198105	1
chrX	FUNDC1:NM_028058	1
chrX	GPR82:NM_175669	1
chrX	GRIPAP1:NM_207670	1
chrX	GYK:NM_008194:NM_212444	1
chrX	HDAC8:NM_027382	1
chrX	MCART6:NM_001114179:NM_001082412	1
chrX	MMU-MIR-322:NR_029756	1
chrX	NR_015600:NR_015600	1
chrX	POLA1:NM_008892	1
chrX	PRPS1:NM_021463	1
chrX	RIBC1:NM_025660	1
chrX	RPS6KA3:NM_148945	1
chrX	SFRS17B:NM_001081956	1
chrX	SMC1A:NM_019710	1
chrX	TRPC5:NM_009428	1
chrX	UPF3B:NM_026573	1
chrX	USP51:NM_001137547	1
chr9	9530077C05RIK:NM_026739	1
chr9	AASDHPPT:NM_026276	1
chr9	AC164565.1:NM_025401	1
chr9	ACPL2:NM_153420	1
chr9	ADAMTS7:NM_001003911	1
chr9	ALKBH8:NM_026303	1
chr9	ANXA2:NM_007585	1
chr9	ARPP21:NM_033264:NM_028755:NM_001177618:NM_001177616:NM_001177617:NM_001177619:NM_001177623:NM_001177615:NM_001177620	1
chr9	ATG4D:NM_153583	1
chr9	ATP1B3:NM_007502	1
chr9	BC017612:NM_133214	1
chr9	BC031353:NM_001113283:NM_153584	1
chr9	BC048562:NM_001004192	1
chr9	BFSP2:NM_001002896	1
chr9	C85492:NM_153540	1
chr9	CAMKV:NM_145621	1
chr9	CBL:NM_007619	1
chr9	CCR9:NM_009913:NM_001166625	1
chr9	CD109:NM_153098	1
chr9	CD276:NM_133983	1
chr9	CD3D:NM_013487	1
chr9	CEP57:NM_026665	1
chr9	CEP70:NM_023873	1
chr9	CGNL1:NM_026599	1
chr9	CHORDC1:NM_025844	1
chr9	CNN1:NM_009922	1
chr9	COL12A1:NM_007730	1
chr9	COL6A6:NM_001102607:NM_172927	1
chr9	COMMD4:NM_025417	1
chr9	COPB2:NM_015827	1
chr9	CPLX3:NM_146223	1
chr9	CSRNP1:NM_153287	1
chr9	CTNNB1:NM_007614:NM_001165902	1
chr9	CYB5R4:NM_024195	1
chr9	DCPS:NM_027030	1
chr9	DHX30:NM_133347	1
chr9	DNAJC13:NM_001163026	1
chr9	DUSP7:NM_153459	1
chr9	DVWA:NM_026763	1
chr9	DYNC2H1:NM_029851	1
chr9	E330016A19RIK:NM_173386	1
chr9	ELOF1:NM_170777	1
chr9	FAM76B:NM_176836	1
chr9	FAM96A:NM_026635	1
chr9	FBXL22:NM_175206	1
chr9	FBXO22:NM_028049	1
chr9	FOXR1:NM_001033469	1
chr9	GCLC:NM_010295	1
chr9	GCNT3:NM_028087	1
chr9	GNB5:NM_010313:NM_138719	1
chr9	HCN4:NM_001081192	1
chr9	HERC1:NM_145617	1
chr9	HYLS1:NM_029762	1
chr9	HYOU1:NM_021395	1
chr9	ICAM1:NM_010493	1
chr9	IFRD2:NM_025903	1
chr9	KBTBD3:NM_001164574:NM_026962	1
chr9	KY:NM_024291	1
chr9	LACTB:NM_030717	1
chr9	LAYN:NM_001033534	1
chr9	LCTL:NM_145835	1
chr9	LMAN1L:NM_199222	1
chr9	MANF:NM_029103	1
chr9	MMP10:NM_019471	1
chr9	MMP1B:NM_032007	1
chr9	MMU-MIR-184:NR_029570	1
chr9	MNS1:NM_008613	1
chr9	MTAP4:NM_008633	1
chr9	MYO5C:NM_001081322	1
chr9	MYO6:NM_001039546	1
chr9	NEIL1:NM_028347	1
chr9	NEO1:NM_001042752:NM_008684	1
chr9	NKTR:NM_010918	1
chr9	NM_011724:NM_011724	1
chr9	NR_033301:NR_033301	1
chr9	NR_033529:NR_033529	1
chr9	NRG4:NM_032002	1
chr9	NRGN:NM_022029	1
chr9	OLFR981:NM_146286	1
chr9	PAQR5:NM_028748	1
chr9	PCOLCE2:NM_029620	1
chr9	PDE4A:NM_183408:NM_019798	1
chr9	PHXR4:NR_028271	1
chr9	PIK3R4:NM_001081309	1
chr9	PLS1:NM_001033210	1
chr9	POU2AF1:NM_011136	1
chr9	PPAN:NM_145610	1
chr9	PPP2R1B:NM_028614:NM_001034085	1
chr9	PSTPIP1:NM_011193	1
chr9	PTPLAD1:NM_021345	1
chr9	QTRT1:NM_021888	1
chr9	RAB27A:NM_023635	1
chr9	RGL3:NM_023622	1
chr9	RHOA:NM_016802	1
chr9	RP9:NM_018739	1
chr9	S1PR2:NM_010333	1
chr9	SCN10A:NM_009134	1
chr9	SCN2B:NM_001014761	1
chr9	SEMA3F:NM_011349	1
chr9	SESN3:NM_030261	1
chr9	SHISA5:NM_025858:NM_026381	1
chr9	SIN3A:NM_001110351:NM_011378:NM_001110350	1
chr9	SLC25A20:NM_020520	1
chr9	SLC37A2:NM_020258:NM_001145960	1
chr9	SLC37A4:NM_008063	1
chr9	SLC9A9:NM_177909	1
chr9	SMARCA4:NM_011417:NM_001174078:NM_001174079	1
chr9	SNRK:NM_133741:NM_001164572	1
chr9	SNX1:NM_019727	1
chr9	SPA17:NM_011449	1
chr9	SPESP1:NM_025721	1
chr9	SPSB4:NM_145134	1
chr9	STAG1:NM_009282	1
chr9	STOML1:NM_026942:NR_028146	1
chr9	STT3A:NM_008408	1
chr9	TCTA:NM_133986	1
chr9	TLE3:NM_001083928:NM_009389:NM_001083927	1
chr9	TMOD3:NM_016963	1
chr9	TMPRSS4:NM_145403	1
chr9	TRAIP:NM_011634	1
chr9	TRIP4:NM_001170907:NM_019797	1
chr9	UBE2Q2:NM_180600	1
chr9	UBP1:NM_013699:NM_001083319	1
chr9	USP3:NM_144937	1
chr9	VPS26B:NM_178027	1
chr9	ZC3H12C:NM_001162921	1
chr9	ZDHHC3:NM_026917	1
chr9	ZMYND10:NM_053253	1
chr8	1700030J22RIK:NM_027103	1
chr8	1700030K09RIK:NM_028170	1
chr8	1810011O10RIK:NM_026931	1
chr8	2310079N02RIK:NM_025636	1
chr8	9130011J15RIK:NM_172396	1
chr8	AC162522.2:NM_207555	1
chr8	ACTA1:NM_009606	1
chr8	ANKRD10:NM_133971:NR_030780:NR_030779:NR_030781:NM_001167967	1
chr8	ANKRD11:NM_001081379	1
chr8	AP1M1:NM_007456	1
chr8	AP3M2:NM_029505:NM_001122820	1
chr8	ARHGAP10:NM_030113	1
chr8	ARHGEF7:NM_001113517:NM_017402:NM_001113518	1
chr8	ATP2C2:NM_026922	1
chr8	BC019943:NM_144927:NM_001112729	1
chr8	BC021891:NM_145608	1
chr8	BEAN:NM_001141924:NM_001141922:NM_001141925	1
chr8	BST2:NM_198095	1
chr8	CALR3:NM_029782:NM_028500	1
chr8	CBLN1:NM_019626	1
chr8	CD209F:NM_026956	1
chr8	CFDP1:NM_011801	1
chr8	CHD9:NM_177224	1
chr8	COG8:NM_139229	1
chr8	CPNE2:NM_153507	1
chr8	CRLF1:NM_018827	1
chr8	CSMD1:NM_053171	1
chr8	CTCF:NM_181322	1
chr8	CYP4F18:NM_024444	1
chr8	DDHD2:NM_028102	1
chr8	DHODH:NM_020046	1
chr8	DKK4:NM_145592	1
chr8	ELL:NM_007924	1
chr8	ENPP6:NM_177304	1
chr8	EPS15L1:NM_007944:NM_001122832	1
chr8	ERICH1:NM_001034862	1
chr8	FAM129C:NM_001166213	1
chr8	FAM192A:NM_028221	1
chr8	FAM38A:NM_001037298	1
chr8	FAM92B:NM_001033980	1
chr8	FANCA:NM_016925	1
chr8	FBXL8:NM_015821	1
chr8	FCHO1:NM_028715:NR_028267	1
chr8	FHOD1:NM_177699	1
chr8	FUK:NM_181666:NM_172283	1
chr8	GABARAPL2:NM_026693	1
chr8	GDF15:NM_011819	1
chr8	GINS2:NM_178856	1
chr8	GM5607:NR_027975	1
chr8	GOT2:NM_010325	1
chr8	GPR56:NM_018882	1
chr8	GTF2E2:NM_001167921:NM_026584:NM_001167922	1
chr8	GYPA:NM_010369	1
chr8	HAS3:NM_008217	1
chr8	HOMER3:NM_011984:NM_001146153	1
chr8	HSDL1:NM_175185	1
chr8	IER2:NM_010499	1
chr8	IKBKB:NM_001159774:NM_010546	1
chr8	INPP4B:NM_001024617	1
chr8	INSR:NM_010568	1
chr8	IRF2:NM_008391	1
chr8	KCNK1:NM_008430	1
chr8	KIFC3:NM_001145832:NM_010631:NM_001145831	1
chr8	LETM2:NM_173012	1
chr8	LPCAT2:NM_173014	1
chr8	LRRC25:NM_153074	1
chr8	LRRC29:NM_177449	1
chr8	LSM1:NM_026032	1
chr8	LSM4:NM_015816	1
chr8	LYL1:NM_008535	1
chr8	MARCH1:NM_001166372:NM_175188:NM_001166375	1
chr8	MAST3:NM_199308	1
chr8	MLF1IP:NM_027973	1
chr8	MMU-MIR-23A:NR_029740	1
chr8	MMU-MIR-24-2:NR_029741	1
chr8	MMU-MIR-27A:NR_029746	1
chr8	MYOM2:NM_008664	1
chr8	N4BP1:NM_030563	1
chr8	NACC1:NM_025788	1
chr8	NFATC3:NM_010901	1
chr8	NM_001159907:NM_001159907	1
chr8	NOL3:NM_030152	1
chr8	NR_033430:NR_033430	1
chr8	OTUD4:NM_001081164	1
chr8	PDF:NM_026513	1
chr8	PDGFRL:NM_026840	1
chr8	PDLIM3:NM_016798	1
chr8	PKD1L2:NM_029686	1
chr8	PLLP:NM_026385	1
chr8	RAB3A:NM_001166399:NM_009001	1
chr8	RFX1:NM_009055	1
chr8	RNF150:NM_177378	1
chr8	RSPRY1:NM_026274	1
chr8	SH3RF1:NM_021506	1
chr8	SIAH1A:NM_009172	1
chr8	SIN3B:NM_001113248:NM_009188	1
chr8	SIPA1L2:NM_001081337	1
chr8	SLC38A8:NM_001009950	1
chr8	SMARCA5:NM_053124	1
chr8	SORBS2:NM_172752	1
chr8	SPATA2L:NM_030176	1
chr8	ST3GAL2:NM_009179	1
chr8	TBC1D9:NM_001111304:NM_027758	1
chr8	TCF25:NM_025804:NM_001037878:NM_001037877	1
chr8	TK2:NM_021028	1
chr8	TMCO7:NM_173037	1
chr8	TMEM208:NM_025486	1
chr8	TMEM38A:NM_144534	1
chr8	TMEM66:NM_026432	1
chr8	TNKS:NM_175091	1
chr8	TRADD:NM_001033161	1
chr8	TRAPPC2L:NM_021502	1
chr8	TRHR2:NM_133202	1
chr8	TRIM67:NM_198632	1
chr8	URB2:NM_001029876	1
chr8	USP10:NM_139272	1
chr8	USP38:NM_027554	1
chr8	VAC14:NM_146216	1
chr8	VPS4A:NM_126165	1
chr8	ZFHX3:NM_007496	1
chr8	ZFP1:NM_001037665:NM_011742	1
chr8	ZMAT4:NM_177086	1
chr8	ZNRF1:NM_133206:NM_001168621:NM_001168622:NM_001168623	1
chr7	1600014C10RIK:NM_001085385:NM_028166	1
chr7	1700008O03RIK:NM_027049	1
chr7	1700026D08RIK:NM_029335	1
chr7	2310033E01RIK:NM_001037143	1
chr7	9030624J02RIK:NM_027815	1
chr7	ABPG:NM_178308	1
chr7	AC150312.1:NR_015573	1
chr7	AC161166.3:NM_001102613	1
chr7	AI467606:NM_178901	1
chr7	ALDH1A3:NM_053080	1
chr7	ANKRD27:NM_178263:NM_145633	1
chr7	ANKRD42:NM_028665	1
chr7	AP2A2:NM_007459	1
chr7	ARAP1:NM_001040111:NM_001040112:NM_027180:NM_198096	1
chr7	ARHGAP17:NM_144529:NM_001122643:NM_001122642:NM_001122641:NM_001122640	1
chr7	ARNTL:NM_007489	1
chr7	ASPDH:NM_026690	1
chr7	ATHL1:NM_145387	1
chr7	ATP10A:NM_009728	1
chr7	ATP4A:NM_018731	1
chr7	BCL3:NM_033601	1
chr7	BCL7C:NM_009746:NR_030428	1
chr7	BNIP3:NM_009760	1
chr7	BOLA2:NM_175103	1
chr7	C030039L03RIK:NM_198417:NM_001112731	1
chr7	CAR11:NM_009800	1
chr7	CATSPERG1:NM_001164658	1
chr7	CBLC:NM_023224:NM_001161844	1
chr7	CD79A:NM_007655	1
chr7	CD81:NM_133655	1
chr7	CEACAM19:NM_177036	1
chr7	CHCHD8:NM_183270	1
chr7	CHRNA10:NM_001081424	1
chr7	CHST15:NM_029935	1
chr7	CHST8:NM_175140	1
chr7	CIB1:NM_011870	1
chr7	CIC:NM_027882:NM_001110132:NM_001110131	1
chr7	CLIP3:NM_001081114	1
chr7	CLRN3:NM_178669	1
chr7	CORO1A:NM_009898	1
chr7	COX7A1:NM_009944	1
chr7	CTBP2:NM_001170744:NM_009980	1
chr7	CTTN:NM_007803	1
chr7	D330012F22RIK:NM_178752	1
chr7	DBP:NM_016974	1
chr7	DCHS1:NM_001162943	1
chr7	DKK3:NM_015814	1
chr7	DMWD:NM_010058	1
chr7	EED:NM_021876	1
chr7	EEF2K:NM_007908	1
chr7	EMP3:NM_001146346:NM_010129	1
chr7	ERCC1:NM_001127324:NM_007948	1
chr7	FADD:NM_010175	1
chr7	FAM53B:NM_175268:NM_212473	1
chr7	FBL:NM_007991	1
chr7	FCHSD2:NM_001146010:NM_199012	1
chr7	GAS2:NM_008087	1
chr7	GM5113:NM_001033540	1
chr7	GMFG:NM_022024:NM_001039192	1
chr7	GPR77:NM_001146005:NM_176912	1
chr7	GRM5:NM_001081414:NM_001143834	1
chr7	GSK3A:NM_001031667	1
chr7	HIF3A:NM_016868:NM_001162950	1
chr7	HNRNPUL1:NM_144922:NM_178089	1
chr7	IDH2:NM_173011	1
chr7	IFITM5:NM_053088	1
chr7	INPP5A:NM_001127363:NM_183144	1
chr7	IQGAP1:NM_016721	1
chr7	IRF7:NM_016850	1
chr7	ITGAM:NM_008401:NM_001082960	1
chr7	JOSD2:NM_025368	1
chr7	KCNC1:NM_008421:NM_001112739	1
chr7	KLF13:NM_021366	1
chr7	KLHL25:NM_182782:NM_001122780:NM_029652	1
chr7	LAT:NM_010689	1
chr7	LRRC51:NM_001162974:NM_027053:NM_001162973	1
chr7	MAP3K10:NM_001081292	1
chr7	MBOAT7:NM_029934	1
chr7	MESDC2:NM_023403	1
chr7	MGMT:NM_008598	1
chr7	MMU-MIR-150:NR_029560	1
chr7	MOGAT2:NM_177448	1
chr7	MRGPRB4:NM_205795	1
chr7	MYO7A:NM_008663	1
chr7	NAP1L4:NM_008672	1
chr7	NAPSA:NM_008437	1
chr7	NELL1:NM_001037906	1
chr7	NM_001033319:NM_001033319	1
chr7	NR_015614:NR_015614	1
chr7	NR1H2:NM_009473	1
chr7	NSMCE1:NM_026330	1
chr7	NSMCE4A:NM_001162855	1
chr7	OLFR521:NM_146356	1
chr7	OPA3:NM_207525	1
chr7	P2RY2:NM_008773	1
chr7	PGM2L1:NM_027629	1
chr7	PICALM:NM_146194	1
chr7	PLEKHA4:NM_148927	1
chr7	POU2F2:NM_011138:NM_001163556:NM_001163555:NM_001163554	1
chr7	PPP1R15A:NM_008654	1
chr7	PRKRIR:NM_028410	1
chr7	PWWP2B:NM_001033206:NM_001098636	1
chr7	QPRT:NM_133686	1
chr7	RGS9BP:NM_145840	1
chr7	RPL13A:NM_013520	1
chr7	RPS11:NM_013725	1
chr7	RPS19:NM_023133	1
chr7	RPS5:NM_009095	1
chr7	SAE1:NM_019748	1
chr7	SEC11A:NM_019951	1
chr7	SEC23IP:NM_001029982	1
chr7	SERGEF:NM_013789	1
chr7	SETD1A:NM_178029	1
chr7	SH2B1:NM_011363:NM_001081459	1
chr7	SH3GL3:NM_017400	1
chr7	SIGLECG:NM_172900	1
chr7	SIPA1L3:NM_001081028	1
chr7	SLC1A5:NM_009201	1
chr7	SMPD1:NM_011421	1
chr7	SNORD35:NR_000004	1
chr7	SNX26:NM_178252	1
chr7	SPTY2D1:NM_175318	1
chr7	STRN4:NM_133789:NM_001039878	1
chr7	SULT2B1:NM_017465	1
chr7	SV2B:NM_001109753:NM_153579	1
chr7	SYTL2:NM_031394:NM_001040085:NM_001040086:NM_001040087:NM_001040088	1
chr7	TALDO1:NM_011528	1
chr7	TIAL1:NM_009383	1
chr7	TJP1:NM_009386:NM_001163574	1
chr7	TMC5:NM_001105252:NM_028930	1
chr7	TPCN2:NM_146206	1
chr7	TSEN34:NM_001164205:NM_001164204:NM_024168	1
chr7	TSPAN4:NM_053082	1
chr7	TUFM:NM_172745:NM_001163713	1
chr7	TYROBP:NM_011662	1
chr7	UCP2:NM_011671	1
chr7	UROS:NM_009479	1
chr7	WBP7:NM_029274	1
chr7	XYLT1:NM_175645	1
chr7	YPEL3:NM_026875:NM_025347	1
chr7	ZDHHC13:NM_028031	1
chr7	ZFP14:NM_011748:NM_178733	1
chr7	ZFP146:NM_011980	1
chr7	ZFP36:NM_011756	1
chr7	ZFP541:NM_001099277	1
chr7	ZFP61:NM_009561	1
chr7	ZFP74:NM_178384	1
chr6	0610030E20RIK:NM_026696	1
chr6	2410066E13RIK:NM_026629	1
chr6	4933413G19RIK:NM_027697	1
chr6	5730419I09RIK:NM_029081:NM_029897:NM_001109688	1
chr6	8430410A17RIK:NM_173737	1
chr6	8430419L09RIK:NM_028982	1
chr6	AC155842.1:NM_001101464	1
chr6	ADIPOR2:NM_197985	1
chr6	ASPRV1:NM_026414	1
chr6	ATG7:NM_028835	1
chr6	ATOH1:NM_007500	1
chr6	ATP6V0A4:NM_080467	1
chr6	ATP6V1E1:NM_007510	1
chr6	BCL2L13:NM_153516	1
chr6	BHLHE40:NM_011498	1
chr6	BHLHE41:NM_024469	1
chr6	BID:NM_007544	1
chr6	CD27:NM_001042564:NM_001033126	1
chr6	CDKN1B:NM_009875	1
chr6	CLEC12B:NM_027709	1
chr6	CNBP:NM_001109746:NM_001109745:NM_013493	1
chr6	COPG:NM_017477:NM_201244	1
chr6	CPA5:NM_144537	1
chr6	CSDA:NM_139117:NM_011733	1
chr6	D6MM5E:NM_033079	1
chr6	D6WSU163E:NM_138594	1
chr6	DENND2A:NM_172477	1
chr6	DFNA5:NM_018769	1
chr6	DGUOK:NM_001162521:NM_013764	1
chr6	DNAJB8:NM_019964	1
chr6	DOK1:NM_010070	1
chr6	ERGIC2:NM_026168:NM_026355	1
chr6	EVX1:NM_007966	1
chr6	FAM13A:NM_153574	1
chr6	FAM180A:NM_173375	1
chr6	FAM188B:NM_001142781:NM_177883	1
chr6	FAM71F2:NM_001101486	1
chr6	FGD5:NM_172731	1
chr6	FOXP1:NM_053202	1
chr6	GADD45A:NM_007836	1
chr6	GIMAP5:NM_008376:NM_175860	1
chr6	GLT8D4:NM_198612	1
chr6	GP9:NM_018762	1
chr6	GPR19:NM_008157:NM_001167699:NM_001167697:NM_001167696:NM_001167695:NM_001167694:NM_001167693:NM_001167700	1
chr6	GSG1:NM_001080552:NM_001080553:NM_010352	1
chr6	GUCY2C:NM_145067:NM_001127318	1
chr6	HEBP1:NM_013546	1
chr6	HK2:NM_013820	1
chr6	ICA1:NM_010492	1
chr6	IFT122:NM_031177:NM_001167763	1
chr6	IGF2BP3:NM_023670	1
chr6	ISY1:NM_133934	1
chr6	JAZF1:NM_001168277:NM_173406	1
chr6	KCP:NM_001029985	1
chr6	KDM5A:NM_145997	1
chr6	KLHDC5:NM_001081237	1
chr6	KLRD1:NM_010654	1
chr6	LPAR5:NM_001163269:NM_001163268	1
chr6	LRGUK:NM_028886	1
chr6	M6PR:NM_010749	1
chr6	MBD4:NM_010774	1
chr6	MKLN1:NM_013791	1
chr6	MMU-MIR-182:NR_029569	1
chr6	MMU-MIR-704:NR_030485	1
chr6	MTMR14:NM_026849	1
chr6	NM_027749:NM_027749	1
chr6	NOD1:NM_001171007:NM_172729	1
chr6	NR_003625:NR_003625	1
chr6	NR_003631:NR_003631	1
chr6	NR_015553:NR_015553	1
chr6	NR_015615:NR_015615	1
chr6	NR_029441:NR_029441	1
chr6	NUP210:NM_018815	1
chr6	OSBPL3:NM_027881:NM_001163645	1
chr6	PLXNA4:NM_175750	1
chr6	PODXL2:NM_176973	1
chr6	POT1A:NM_133931	1
chr6	RAB11FIP5:NM_177466:NM_001003955:NR_030486	1
chr6	RAB43:NM_133717:NM_001039394	1
chr6	RAD51AP1:NM_009013	1
chr6	RAD52:NM_001166383:NM_001166382:NM_001166381:NM_011236	1
chr6	RAF1:NM_029780	1
chr6	RASSF4:NM_178045	1
chr6	REEP1:NM_178608	1
chr6	RPN1:NM_133933	1
chr6	RUVBL1:NM_019685	1
chr6	SEC61A1:NM_016906	1
chr6	SETMAR:NM_178391	1
chr6	SLC25A26:NM_026255	1
chr6	SNRNP27:NM_025665	1
chr6	ST3GAL5:NM_011375:NM_001035228	1
chr6	SYN2:NM_013681:NM_001111015	1
chr6	TCF7L1:NM_009332:NM_001079822	1
chr6	THUMPD3:NM_008188	1
chr6	TMEM111:NM_175101	1
chr6	TMEM140:NM_197986	1
chr6	TMTC1:NM_198967	1
chr6	TNFRSF1A:NM_011609	1
chr6	TNIP3:NM_001001495	1
chr6	TPRA1:NM_011906	1
chr6	TRIM24:NM_145076	1
chr6	TSEN2:NM_199033	1
chr6	TSPAN9:NM_175414	1
chr6	TUBA8:NM_017379	1
chr6	TULP3:NM_011657	1
chr6	USP39:NM_138592	1
chr6	VAX2:NM_011912	1
chr6	VGLL4:NM_177683	1
chr6	VWF:NM_011708	1
chr6	ZC3HC1:NM_172735	1
chr6	ZFP212:NM_145576:NM_001145881	1
chr6	ZFP384:NM_175557	1
chr5	1700016H13RIK:NM_028824:NM_001163550	1
chr5	2310016E02RIK:NM_024460:NM_001134692	1
chr5	6330406I15RIK:NM_027519	1
chr5	AACS:NM_030210	1
chr5	ABCB9:NM_019875	1
chr5	ABHD11:NM_145215	1
chr5	ADAMTS3:NM_001081401:NM_177872	1
chr5	ADAP1:NM_172723	1
chr5	ADRA2C:NM_007418	1
chr5	AGPAT9:NM_172715	1
chr5	AP4M1:NM_021392	1
chr5	ARHGAP24:NM_146161:NM_029270	1
chr5	ARPC3:NM_019824	1
chr5	ATP2A2:NM_009722:NR_027838:NM_001110140	1
chr5	AUTS2:NM_177047	1
chr5	BARHL2:NM_001005477	1
chr5	BMP2K:NM_080708	1
chr5	BST1:NM_009763	1
chr5	CCDC60:NM_177759	1
chr5	CCNG2:NM_007635	1
chr5	CCT6A:NM_009838	1
chr5	CD38:NM_007646	1
chr5	CDC7:NM_009863	1
chr5	CDK6:NM_009873	1
chr5	CDS1:NM_173370	1
chr5	COX18:NM_001033310:NM_001163456:NR_028088	1
chr5	CUX1:NM_198602:NM_009986	1
chr5	D830046C22RIK:NR_033147	1
chr5	DDX54:NM_028041	1
chr5	DHX37:NM_203319	1
chr5	DNAJB6:NM_001037941:NM_011847:NM_001127367:NM_001037940	1
chr5	DNAJC2:NM_009584	1
chr5	DPP6:NM_010075:NM_207282:NM_001136060	1
chr5	DTX1:NM_008052	1
chr5	EIF4H:NM_033561	1
chr5	ELFN1:NM_175522	1
chr5	ELN:NM_007925	1
chr5	EMID2:NM_024474	1
chr5	EN2:NM_010134	1
chr5	FOSL2:NM_008037	1
chr5	FRYL:NM_028194:NM_177136	1
chr5	FTSJ2:NM_026510	1
chr5	FZD9:NM_010246	1
chr5	GCN1L1:NM_172719	1
chr5	GNA12:NM_010302	1
chr5	GNPDA1:NR_028061	1
chr5	GPR12:NM_008151:NM_001010941	1
chr5	GPR146:NM_030258:NM_001038703	1
chr5	GRPEL1:NM_024478	1
chr5	GSX1:NM_008178	1
chr5	GTF3A:NM_025652	1
chr5	HIP1:NM_146001	1
chr5	HMGB1:NM_010439	1
chr5	HS3ST1:NM_010474	1
chr5	HTRA3:NM_030127:NM_001042615	1
chr5	IFT172:NM_026298	1
chr5	IGFBP7:NM_008048:NM_001159518	1
chr5	INSIG1:NM_153526	1
chr5	INTS1:NM_026748	1
chr5	IRS3:NM_010571	1
chr5	KDM2B:NM_013910:NM_001005866:NM_001003953	1
chr5	KIT:NM_001122733:NM_021099	1
chr5	LIMCH1:NM_001001980	1
chr5	LIMK1:NM_010717	1
chr5	LIN54:NM_001115010:NM_172714	1
chr5	LRCH4:NM_146164:NM_001168652	1
chr5	LRRC8C:NM_133897	1
chr5	LRRC8D:NM_001122768:NM_178701	1
chr5	MAD1L1:NM_010752	1
chr5	MCM7:NM_008568	1
chr5	MED13L:NM_172424	1
chr5	MLEC:NM_175403	1
chr5	MLXIPL:NM_021455	1
chr5	MN1:NM_001081235	1
chr5	MOSPD3:NM_030037	1
chr5	MRPL33:NM_025796	1
chr5	N4BP2:NM_001024917	1
chr5	N4BP2L1:NM_133898	1
chr5	NAA11:NM_001033191	1
chr5	NM_172887:NM_172887	1
chr5	NOM1:NM_001033457	1
chr5	NOS1:NM_008712	1
chr5	NR_015554:NR_015554	1
chr5	NR_027851:NR_027851	1
chr5	NUDT1:NM_008637	1
chr5	ORAI1:NM_175423	1
chr5	ORAI2:NM_178751	1
chr5	PCOLCE:NM_008788	1
chr5	PDGFA:NM_008808	1
chr5	PDS5B:NM_175310	1
chr5	PLAC8:NM_139198	1
chr5	POLR2J:NM_011293	1
chr5	PRKAR1B:NM_008923	1
chr5	PSMC2:NM_011188	1
chr5	PSPH:NM_133900	1
chr5	RAB35:NM_198163	1
chr5	RASSF6:NM_028478	1
chr5	RFC3:NM_027009	1
chr5	RHEB:NM_053075	1
chr5	RILPL2:NM_030259	1
chr5	RINT1:NM_177323	1
chr5	RNF216:NM_080561	1
chr5	SAP25:NR_033148:NM_001081962	1
chr5	SCARB1:NM_016741	1
chr5	SEL1L3:NM_172710	1
chr5	SEPT11:NM_001009818	1
chr5	SEZ6L:NM_019982	1
chr5	SLC30A3:NM_011773	1
chr5	SLC4A1AP:NM_009206	1
chr5	SMURF1:NM_001038627:NM_029438	1
chr5	SPATA18:NM_178387	1
chr5	SPINK2:NM_183284	1
chr5	SPPL3:NM_029012	1
chr5	SUPT7L:NM_028150	1
chr5	TLR1:NM_030682	1
chr5	TMEM211:NM_001033428	1
chr5	TMEM33:NM_028975:NM_030108	1
chr5	TPCN1:NM_145853	1
chr5	TTYH3:NM_175274	1
chr5	TYMS:NM_021288:NR_033402	1
chr5	UBA6:NM_172712	1
chr5	UBC:NM_019639	1
chr5	UCHL1:NM_011670	1
chr5	VKORC1L1:NM_027121:NM_001001327	1
chr5	WFS1:NM_011716	1
chr5	WHSC1:NM_001081102	1
chr5	WIPI2:NM_178398	1
chr5	WSB2:NM_021539	1
chr5	WSCD2:NM_177292	1
chr5	YWHAH:NM_011738	1
chr5	ZFP509:NM_029162	1
chr5	ZFP512:NM_172993	1
chr5	ZFP644:NM_026856	1
chr5	ZFYVE28:NM_001015039	1
chr4	1520402A15RIK:NM_026547	1
chr4	1700018C11RIK:NM_029324	1
chr4	2010305A19RIK:NM_027250	1
chr4	2610002J02RIK:NM_001033134	1
chr4	2610301B20RIK:NM_026005	1
chr4	4930549C01RIK:NM_026300	1
chr4	A430005L14RIK:NM_175287:NM_001163019	1
chr4	AGTRAP:NM_009642	1
chr4	AI427809:NR_033140:NR_033139	1
chr4	AI464131:NM_001085515	1
chr4	AK2:NM_001033966:NM_016895	1
chr4	AL606974.1:NR_015560	1
chr4	AL772395.4:NM_001104926	1
chr4	ALPL:NM_007431	1
chr4	ANKRD6:NM_080471:NM_001012450:NM_001012451	1
chr4	APITD1:NM_027263	1
chr4	ARID1A:NM_001080819	1
chr4	ASPH:NM_023066:NM_133723	1
chr4	ATP13A2:NM_001164366:NM_029097	1
chr4	BC013712:NM_001033308	1
chr4	BC026590:NM_001081420	1
chr4	BSND:NM_080458	1
chr4	CAR6:NM_009802	1
chr4	CAR9:NM_139305	1
chr4	CASP8AP2:NM_011997:NM_001122978	1
chr4	CASZ1:NM_027195:NM_001159344	1
chr4	CDC2L1:NM_007661	1
chr4	CDKN2A:NM_001040654:NM_009877	1
chr4	CLIC4:NM_013885	1
chr4	CLSTN1:NM_023051	1
chr4	COL27A1:NM_025685	1
chr4	CORO2A:NM_178893:NM_001164804	1
chr4	CTNNAL1:NM_018761	1
chr4	D730040F13RIK:NM_175518	1
chr4	DCAF12:NM_026893	1
chr4	DEM1:NM_028457:NM_001160043	1
chr4	DNAJC16:NM_172338	1
chr4	E130308A19RIK:NM_153158:NM_001015681	1
chr4	E2F2:NM_177733	1
chr4	EIF2C4:NM_153177	1
chr4	ESPN:NM_019585:NM_207689:NM_207690:NM_207688:NM_207691:NM_207687	1
chr4	EYA3:NM_211357:NM_210071:NM_010166	1
chr4	FAF1:NM_007983	1
chr4	FAM167B:NM_182783	1
chr4	FBXO10:NM_001024142	1
chr4	FGGY:NM_001113412:NM_029347	1
chr4	FGR:NM_010208	1
chr4	FHL3:NM_010213	1
chr4	FKBP15:NM_001045528	1
chr4	FOXE1:NM_183298	1
chr4	GABRR2:NM_008076	1
chr4	GEM:NM_010276	1
chr4	GJB5:NM_010291	1
chr4	GNB1:NM_001160017:NM_001160016:NM_008142	1
chr4	GPATCH3:NM_172876	1
chr4	GPN2:NM_133884	1
chr4	GUCA2B:NM_008191	1
chr4	HSPG2:NM_008305	1
chr4	ICMT:NM_133788	1
chr4	IFNAB:NM_008336	1
chr4	IGSF21:NM_198610	1
chr4	IKBKAP:NM_026079	1
chr4	KCNAB2:NM_010598	1
chr4	KTI12:NM_029571	1
chr4	LEPROT:NM_175036	1
chr4	LYN:NM_010747:NM_001111096	1
chr4	MAN1C1:NM_207237	1
chr4	MDN1:NM_001081392	1
chr4	MIB2:NM_145124	1
chr4	MOBKL2B:NM_178061	1
chr4	MORN1:NM_001081100	1
chr4	MTAP:NM_024433	1
chr4	NDUFS5:NR_002445:NM_001030274	1
chr4	NECAP2:NM_025383	1
chr4	NFYC:NM_008692:NM_001048168	1
chr4	NKAIN3:NM_172987	1
chr4	NOL6:NM_139236	1
chr4	NSUN4:NM_028142	1
chr4	OSBPL9:NM_001134791:NM_173350:NM_133885	1
chr4	PADI4:NM_011061	1
chr4	PAX7:NM_011039	1
chr4	PDP1:NM_001098231:NM_001098230:NM_001033453	1
chr4	PHC2:NM_018774	1
chr4	PIK3CD:NM_001164052:NM_001164051:NM_001164050:NM_001164049:NM_008840:NM_001029837	1
chr4	PLA2G2D:NM_011109	1
chr4	PLEKHM2:NM_001033150	1
chr4	PQLC2:NM_145384	1
chr4	PTGR1:NM_025968	1
chr4	PTP4A2:NM_008974:NM_001164745	1
chr4	PTPRF:NM_011213	1
chr4	PTPRU:NM_011214:NM_001083119	1
chr4	RAD23B:NM_009011	1
chr4	RAD54L:NM_009015:NM_001122958:NM_001122959	1
chr4	RCAN3:NM_022980	1
chr4	RERE:NM_001085492	1
chr4	RLF:NM_001081013	1
chr4	RNF19B:NM_029219	1
chr4	RP23-276M23.1:NM_001099295	1
chr4	RPL11:NM_025919	1
chr4	RPL22:NM_009079	1
chr4	RRAGA:NM_178376	1
chr4	RSC1A1:NM_023544:NM_001017966	1
chr4	RSPO1:NM_138683	1
chr4	RUNX3:NM_019732	1
chr4	SDCBP:NM_001098227:NM_016807	1
chr4	SHB:NM_001033306	1
chr4	SIT1:NM_019436	1
chr4	SLC1A7:NM_146255	1
chr4	SLC25A33:NM_027460	1
chr4	SLC2A5:NM_019741	1
chr4	SLC31A1:NM_175090	1
chr4	SLC46A2:NM_021053	1
chr4	SMAP2:NM_133716	1
chr4	SMU1:NM_021535	1
chr4	SPINK4:NM_011463	1
chr4	STK40:NM_028800:NM_001145827	1
chr4	SVEP1:NM_022814	1
chr4	TAS1R2:NM_031873	1
chr4	TCEB3:NM_013736	1
chr4	TMEM51:NM_145402	1
chr4	TMEM64:NM_181401	1
chr4	TNFSF8:NM_009403	1
chr4	TOX:NM_145711	1
chr4	TRIT1:NM_025873	1
chr4	TSTD2:NM_173033	1
chr4	TXNDC12:NM_025334	1
chr4	UBE2J1:NM_019586	1
chr4	UBXN2B:NM_026534	1
chr4	YBX1:NM_011732	1
chr4	ZFP362:NM_001081098	1
chr3	1700094D03RIK:NM_028567	1
chr3	2410004B18RIK:NM_025555	1
chr3	2510027J23RIK:NM_025637:NM_028456	1
chr3	2810046L04RIK:NM_173382	1
chr3	4632415L05RIK:NR_027985	1
chr3	4933421E11RIK:NM_001039478:NM_028081:NM_001039488	1
chr3	AC133589.1:NM_146134	1
chr3	ADAMTSL4:NM_144899	1
chr3	ANP32E:NM_023210	1
chr3	APH1A:NM_146104	1
chr3	ATP1A1:NM_144900	1
chr3	B3GALNT1:NM_020026	1
chr3	BC028528:NM_153513	1
chr3	CAPZA1:NM_009797	1
chr3	CDC42SE1:NM_172395:NM_001038708	1
chr3	CENPE:NM_173762	1
chr3	CFI:NM_007686	1
chr3	COL24A1:NM_027770	1
chr3	DDIT4L:NM_030143	1
chr3	DDX20:NM_017397	1
chr3	EIF2A:NM_001005509	1
chr3	FABP5:NM_010634	1
chr3	FAM189B:NM_001014995	1
chr3	FAM63A:NM_133858	1
chr3	FAT4:NM_183221	1
chr3	FCRL5:NM_183222:NM_001113238	1
chr3	FNBP1L:NM_153118:NM_001114665	1
chr3	FSTL5:NM_178673	1
chr3	GABPB2:NM_029885:NM_172512	1
chr3	GAR1:NM_026578	1
chr3	GBP6:NM_001083312:NM_145545	1
chr3	GM5148:NM_198657	1
chr3	GPATCH4:NM_025663:NM_001110809	1
chr3	GRIA2:NM_001083806:NM_013540:NM_001039195	1
chr3	HIST2H4:NM_033596	1
chr3	HPS3:NM_001146323:NM_080634:NM_001146324	1
chr3	IL12A:NM_001159424:NM_008351	1
chr3	KCNA3:NM_008418	1
chr3	KRTCAP2:NM_025327	1
chr3	LPAR3:NM_022983	1
chr3	LRBA:NM_001077687:NM_001077688:NM_030695	1
chr3	MAN1A2:NM_010763	1
chr3	MBNL1:NM_020007	1
chr3	MEF2D:NM_133665	1
chr3	MND1:NM_029797	1
chr3	MRPL47:NM_029017	1
chr3	MRPS21:NM_078479	1
chr3	MSH4:NM_031870	1
chr3	NDUFB5:NM_025316	1
chr3	NEUROG2:NM_009718	1
chr3	NHLRC3:NM_172501	1
chr3	NR_033498:NR_033498	1
chr3	OLFR266:NM_146489	1
chr3	P2RY12:NM_027571	1
chr3	PDZK1:NM_021517:NM_001146001	1
chr3	PEAR1:NM_152799:NM_001032413:NM_028460:NM_001032414	1
chr3	PIGK:NM_025662:NM_178016	1
chr3	PIP5K1A:NM_008847	1
chr3	PLA2G12A:NM_023196:NM_183423	1
chr3	PMF1:NM_025928	1
chr3	PPID:NM_026352	1
chr3	PRKAB2:NM_182997	1
chr3	PRSS12:NM_008939	1
chr3	PSMD4:NM_008951	1
chr3	RNF13:NM_011883:NM_001113413	1
chr3	S100A3:NM_011310	1
chr3	SCAMP3:NM_011886	1
chr3	SCHIP1:NM_001113419:NM_001113421:NM_001113420:NM_013928	1
chr3	SELENBP1:NM_009150	1
chr3	SFRP2:NM_009144	1
chr3	SGMS2:NM_028943	1
chr3	SH2D2A:NM_021309:NM_001025571	1
chr3	SLC16A1:NM_009196	1
chr3	SLC39A8:NM_026228:NM_001135149:NM_001135150	1
chr3	SLC44A3:NM_145394	1
chr3	SMAD9:NM_019483	1
chr3	ST6GALNAC3:NM_011372	1
chr3	ST7L:NM_153091	1
chr3	SYDE2:NM_001166064	1
chr3	TARS2:NM_027931:NM_001163617:NM_001163619:NM_001163618	1
chr3	TBL1XR1:NM_030732	1
chr3	TBX15:NM_009323	1
chr3	TELOMERASE-VERT:NR_001579	1
chr3	TMEM144:NM_027495	1
chr3	TMEM167B:NM_026198	1
chr3	TPD52:NM_001025261:NM_001025262:NM_009412:NM_001025264:NM_001025263	1
chr3	TRIM59:NM_025863	1
chr3	USP33:NM_133247:NM_001076676	1
chr3	ZFP704:NM_133218	1
chr3	ZNHIT6:NM_001081094	1
chr3	ZZZ3:NM_001080755:NM_198416	1
chr2	0610039K10RIK:NR_028113	1
chr2	1110051M20RIK:NM_175123	1
chr2	1500003O03RIK:NM_019769	1
chr2	1810024B03RIK:NM_198630	1
chr2	2310046K01RIK:NM_027172:NM_001164820:NM_001164819	1
chr2	4930402H24RIK:NM_029432	1
chr2	AA467197:NM_001004174:NR_030547	1
chr2	ABCA2:NM_007379	1
chr2	ABI1:NM_001077192:NM_007380:NM_145994:NM_001077190:NM_001077193	1
chr2	ABTB2:NM_178890	1
chr2	ACBD5:NM_028793:NM_001102436:NM_001102437:NM_001102438	1
chr2	ADAL:NM_029475	1
chr2	ADAM33:NM_033615:NM_001163529	1
chr2	ADAMTSL2:NM_029981	1
chr2	ADRA1D:NM_013460	1
chr2	AIF1L:NM_145144	1
chr2	AL731826.3:NM_080455	1
chr2	ANGPT4:NM_009641	1
chr2	ANGPTL2:NM_011923	1
chr2	ARHGAP11A:NM_181416	1
chr2	ASS1:NM_007494	1
chr2	ATP8B4:NM_001080944	1
chr2	B2M:NM_009735	1
chr2	BAHD1:NM_001045523	1
chr2	BARHL1:NM_019446:NM_001164186	1
chr2	BAZ2B:NM_001001182	1
chr2	BC005624:NM_144885	1
chr2	BC020535:NM_145536	1
chr2	BCL2L11:NM_207681:NM_207680:NM_009754	1
chr2	BFSP1:NM_009751	1
chr2	CACNB4:NM_146123:NM_001037099	1
chr2	CAMK1D:NM_177343	1
chr2	CAT:NM_009804	1
chr2	CD82:NM_007656:NM_001136055	1
chr2	CD93:NM_010740	1
chr2	CDC25B:NM_023117:NM_001111075	1
chr2	CEP250:NM_008383:NM_001129999:NM_177217:NM_001130000	1
chr2	CHCHD5:NM_025395	1
chr2	CHST1:NM_023850	1
chr2	COBLL1:NM_027225:NM_177025	1
chr2	COMMD3:NM_147778	1
chr2	CREB3L1:NM_011957	1
chr2	CSE1L:NM_023565	1
chr2	CSRP2BP:NM_001164813:NM_001166640:NM_181417	1
chr2	CST7:NM_009977	1
chr2	CTNNBL1:NM_025680	1
chr2	CUGBP2:NM_001160293:NM_010160:NM_001110228:NM_001110230:NM_001160292:NM_001110229:NM_001110232:NM_001110231	1
chr2	DGKZ:NM_138306:NM_001166597	1
chr2	DHRS9:NM_175512	1
chr2	DHTKD1:NM_001081131	1
chr2	DLX2:NM_010054	1
chr2	DNAJC17:NM_139139	1
chr2	DUSP2:NM_010090	1
chr2	DUT:NM_001159646:NM_023595	1
chr2	E2F1:NM_007891	1
chr2	ECHDC3:NM_024208	1
chr2	EHD4:NM_133838	1
chr2	EHMT1:NM_001109687:NM_001012518:NM_001109686:NM_172545	1
chr2	EPB4.1L1:NM_013510:NM_001003815:NM_001006664	1
chr2	ERV3:NM_001166206	1
chr2	FAM102A:NM_153560	1
chr2	FAM110A:NM_028666:NM_146127	1
chr2	FAM163B:NM_175427	1
chr2	FAM65C:NM_001080708	1
chr2	FAM69B:NM_019833	1
chr2	FAM78A:NM_175511	1
chr2	FIBCD1:NM_178887	1
chr2	FPGS:NM_010236	1
chr2	GABPB1:NM_207669:NM_010249	1
chr2	GALNT3:NM_015736	1
chr2	GFI1B:NM_008114:NM_001160406	1
chr2	GLE1:NM_028923	1
chr2	GNAS:NM_019690:NM_022000:NM_201617:NM_010309:NM_201618:NM_001077507:NR_003258:NM_201616:NM_001077510	1
chr2	GPR155:NM_001080707	1
chr2	GPR176:NM_201367	1
chr2	GTF3C5:NM_148928	1
chr2	GZF1:NM_028986	1
chr2	HRH3:NM_133849	1
chr2	IER5L:NM_030244	1
chr2	IL1F10:NM_153077	1
chr2	IL1F6:NM_019450	1
chr2	ISM1:NM_001126490	1
chr2	ITGA4:NM_010576	1
chr2	ITGA8:NM_001001309	1
chr2	ITIH5:NM_172471	1
chr2	LHX6:NM_001083127:NM_001083126:NM_008500:NM_001083125	1
chr2	MASTL:NM_025979	1
chr2	METAPL1:NM_025633	1
chr2	MMU-MIR-674:NR_030440	1
chr2	MRPL41:NM_001031808	1
chr2	MSRB2:NM_029619	1
chr2	MYBL2:NM_008652	1
chr2	MYO3B:NM_177376	1
chr2	NCOA3:NM_008679	1
chr2	NEBL:NM_028757	1
chr2	NEUROD1:NM_010894	1
chr2	NFE2L2:NM_010902	1
chr2	NM_001177439:NM_001177439	1
chr2	NOSTRIN:NM_181547	1
chr2	NOTCH1:NM_008714	1
chr2	NR_029452:NR_029452	1
chr2	NR_033448:NR_033448	1
chr2	NR_033469:NR_033469:NR_033468	1
chr2	NR6A1:NM_001159549:NM_001159548:NM_010264	1
chr2	NTSR1:NM_018766	1
chr2	ODF2:NM_001113214:NM_001113213:NM_013615:NM_001177661:NM_001177659:NM_001177662	1
chr2	OPTN:NM_181848	1
chr2	P2RX3:NM_145526	1
chr2	PATL2:NM_026251	1
chr2	PCSK2:NM_008792	1
chr2	PHF20:NM_172674	1
chr2	PHF21A:NM_138755:NM_001109691:NM_001109690	1
chr2	PIGT:NM_133779	1
chr2	PLA2G4E:NM_177845	1
chr2	PLAGL2:NM_018807	1
chr2	PLCB4:NM_013829	1
chr2	PNPLA7:NM_146251	1
chr2	PPP1R1C:NM_172420	1
chr2	PPP6C:NM_024209	1
chr2	PRG2:NM_008920	1
chr2	PTPRA:NM_001163688:NM_008980	1
chr2	PYGB:NM_153781	1
chr2	QRFP:NM_183424	1
chr2	RAG1:NM_009019	1
chr2	RAG2:NM_009020	1
chr2	RALGAPA2:NM_001033348	1
chr2	RALGDS:NM_001145834:NM_009058:NM_001145835:NM_001145836	1
chr2	RALGPS1:NM_175211	1
chr2	RAPGEF4:NM_019688	1
chr2	RASSF2:NM_175445	1
chr2	RIMS4:NM_183023	1
chr2	RNF24:NM_178607	1
chr2	RP23-15I21.2:NM_001039223	1
chr2	RTF1:NM_030112	1
chr2	RXRA:NM_011305	1
chr2	SAMHD1:NM_018851:NM_001139520	1
chr2	SERINC3:NM_012032	1
chr2	SFMBT2:NM_177386	1
chr2	SLC23A2:NM_018824	1
chr2	SLC39A13:NM_026721	1
chr2	SLC9A8:NM_148929:NM_178371	1
chr2	SLCO4A1:NM_148933	1
chr2	SLMO2:NM_025531	1
chr2	SNRNP200:NM_177214	1
chr2	SP3:NM_001098425:NM_001018042	1
chr2	SPAG4:NM_139151	1
chr2	SPO11:NM_001083959:NM_001083960:NM_012046	1
chr2	SSRP1:NM_182990:NM_001136081	1
chr2	STK39:NM_016866	1
chr2	SURF6:NM_009298	1
chr2	TAS2R134:NM_199158	1
chr2	TGM2:NM_009373	1
chr2	THBD:NM_009378	1
chr2	TLK1:NM_172664	1
chr2	TOP1:NM_009408	1
chr2	TOX2:NM_001098799	1
chr2	TTN:NM_028004:NM_011652	1
chr2	UBE2C:NM_026785	1
chr2	UBE2V1:NM_023230	1
chr2	URM1:NM_026615	1
chr2	USP20:NM_028846	1
chr2	XKR7:NM_001011732	1
chr2	YWHAB:NM_018753	1
chr2	ZBTB43:NM_001025594:NM_027947	1
chr2	ZBTB46:NM_027656:NM_001162478	1
chr2	ZEB2:NM_015753	1
chr2	ZER1:NM_178694	1
chr2	ZFP831:NM_001099328	1
chr19	1810055G02RIK:NM_028077	1
chr19	A430093F15RIK:NR_027805	1
chr19	A630007B06RIK:NM_170757	1
chr19	ADRA2A:NM_007417	1
chr19	ADRBK1:NM_130863	1
chr19	ANKRD22:NM_024204	1
chr19	ARHGAP19:NM_027667:NM_001163495	1
chr19	AS3MT:NM_020577	1
chr19	ATAD1:NM_026487	1
chr19	ATL3:NM_001163505:NM_146091	1
chr19	ATPGD1:NM_134148	1
chr19	BATF2:NM_028967	1
chr19	BC021614:NM_144869	1
chr19	BEST1:NM_011913	1
chr19	CALHM2:NM_133746	1
chr19	CAPN1:NM_007600:NM_001110504	1
chr19	CCDC147:NM_001163267	1
chr19	CCDC87:NM_207268	1
chr19	CCS:NM_016892	1
chr19	CD248:NM_054042	1
chr19	CD6:NM_009852:NM_001037801	1
chr19	CDCA5:NM_026410	1
chr19	CFL1:NM_007687	1
chr19	CLCF1:NM_019952	1
chr19	CPSF7:NM_172302:NM_001164272	1
chr19	CPT1A:NM_013495	1
chr19	CRTAC1:NM_145123	1
chr19	CSF2RA:NM_009970	1
chr19	CYBASC3:NM_201351	1
chr19	CYP17A1:NM_007809	1
chr19	DAGLA:NM_198114	1
chr19	DCLRE1A:NM_018831	1
chr19	DNTT:NM_001043228:NM_009345	1
chr19	DUSP5:NM_001085390	1
chr19	E030010A14RIK:NM_183160	1
chr19	EHD1:NM_010119	1
chr19	EXOSC1:NM_025644:NM_001164561	1
chr19	FAM160B1:NM_145505	1
chr19	FERMT3:NM_153795	1
chr19	FLRT1:NM_201411	1
chr19	FXN:NM_008044	1
chr19	GAL:NM_010253	1
chr19	GAL3ST3:NM_001024717	1
chr19	GPR152:NM_206973	1
chr19	HHEX:NM_008245	1
chr19	HTR7:NM_008315	1
chr19	IFIT2:NM_008332	1
chr19	JAK2:NM_008413:NM_001048177	1
chr19	KANK1:NM_181404	1
chr19	KLF9:NM_010638	1
chr19	LBX1:NM_010691	1
chr19	LIPA:NM_021460:NM_001111100	1
chr19	LRP5:NM_008513	1
chr19	MAP4K2:NM_009006	1
chr19	MYOF:NM_001099634	1
chr19	NDUFB8:NM_026061	1
chr19	NDUFS8:NM_144870	1
chr19	NM_001111140:NM_001111140	1
chr19	NM_001177513:NM_001177513	1
chr19	NPAS4:NM_153553	1
chr19	NR_002847:NR_002847	1
chr19	OBFC1:NM_175360	1
chr19	PIP5K1B:NM_008846	1
chr19	PITPNM1:NM_001136078:NM_008851	1
chr19	PRDX3:NM_007452	1
chr19	PSAT1:NM_177420	1
chr19	PTEN:NM_008960	1
chr19	RASGRP2:NM_011242	1
chr19	RNLS:NM_001146342:NM_001167818	1
chr19	RPS6KA4:NM_019924	1
chr19	SCD3:NM_024450	1
chr19	SCGB1A1:NM_011681	1
chr19	SIPA1:NM_001164568:NM_001164482:NM_011379:NM_001164480:NM_001164481	1
chr19	SLC15A3:NM_023044	1
chr19	SLC18A2:NM_172523	1
chr19	SLC25A28:NM_145156	1
chr19	SMARCA2:NM_011416:NM_026003	1
chr19	TAF5:NM_177342	1
chr19	TCTN3:NM_026260	1
chr19	TECTB:NM_009348	1
chr19	TLL2:NM_011904	1
chr19	TMEM134:NM_025889:NM_001078649	1
chr19	ZDHHC16:NM_023740	1
chr19	ZFPL1:NM_024231	1
chr18	2010001M09RIK:NM_027222	1
chr18	ABLIM3:NM_198649:NM_001164491	1
chr18	ADNP2:NM_175028	1
chr18	ADRB2:NM_007420	1
chr18	ANKHD1:NM_175375	1
chr18	APC:NM_007462	1
chr18	APCDD1:NM_133237	1
chr18	BRD8:NM_030147	1
chr18	CABLES1:NM_022021:NM_001146287	1
chr18	CAMK4:NM_009793	1
chr18	CCBE1:NM_178793	1
chr18	CCDC11:NM_028948:NR_029424	1
chr18	CTNNA1:NM_009818	1
chr18	CYB5:NM_025797	1
chr18	DYM:NM_027727	1
chr18	EGR1:NM_007913	1
chr18	EIF1A:NM_010120	1
chr18	ESCO1:NM_001081222	1
chr18	GM672:NM_201354	1
chr18	GNPDA1:NM_011937	1
chr18	GRAMD3:NM_026240	1
chr18	MALT1:NM_172833	1
chr18	MAP3K8:NM_007746	1
chr18	MAPK4:NM_172632	1
chr18	MARCH3:NM_177115	1
chr18	MEGF10:NM_001001979	1
chr18	NDFIP1:NM_022996	1
chr18	NEDD4L:NM_001114386:NM_031881	1
chr18	NFATC1:NM_001164112:NM_001164111:NM_001164110:NM_198429:NM_016791:NM_001164109	1
chr18	NM_001101038:NM_001101038	1
chr18	NR_028424:NR_028424	1
chr18	PCDH1:NM_029357	1
chr18	PKD2L2:NM_001163004:NM_016927	1
chr18	PMAIP1:NM_021451	1
chr18	PPARGC1B:NM_133249	1
chr18	PSD2:NM_028707	1
chr18	RAB27B:NM_030554:NM_001082553	1
chr18	RBM27:NM_172626	1
chr18	RPL17:NM_001002239	1
chr18	SEMA6A:NM_018744	1
chr18	SLC14A2:NM_001110273:NM_207651:NM_001110274:NM_030683	1
chr18	SMAD7:NM_001042660	1
chr18	SNORD58:NR_028552	1
chr18	SNX2:NM_026386	1
chr18	TMED7:NM_025698	1
chr18	TNFAIP8:NM_134131	1
chr18	TSHZ1:NM_001081300	1
chr18	USP14:NM_021522:NM_001038589	1
chr18	ZFP191:NM_021559	1
chr17	1700061G19RIK:NM_030141	1
chr17	2310014H01RIK:NM_001146711:NM_001146710:NM_175242	1
chr17	2410015M20RIK:NM_153152	1
chr17	AC161447.1:NR_028385	1
chr17	ALK:NM_007439	1
chr17	ANGPTL4:NM_020581	1
chr17	APOBEC2:NM_009694	1
chr17	ARID1B:NM_001085355	1
chr17	BAK1:NM_007523	1
chr17	BC048355:NM_207161	1
chr17	BRPF3:NM_001081315	1
chr17	CAPN13:NM_001033444	1
chr17	CCNF:NM_007634	1
chr17	CDC5L:NM_152810	1
chr17	CDKN1A:NM_001111099:NM_007669	1
chr17	COX7A2L:NM_001159529:NM_009187	1
chr17	CRIM1:NM_015800	1
chr17	CRISP1:NM_009638	1
chr17	CT030636.1:NR_002853:NR_027784:NR_027772:NR_027773	1
chr17	CT485788.3:NM_001163300	1
chr17	CYP4F13:NM_130882	1
chr17	D17H6S56E-3:NM_138582	1
chr17	DLGAP1:NM_027712:NM_177639:NM_001128180:NM_001128181	1
chr17	FAHD1:NM_023480	1
chr17	FAM98A:NM_133747	1
chr17	FEM1A:NM_010192	1
chr17	GM1604B:NM_001033442	1
chr17	GNG13:NM_022422	1
chr17	GPR110:NM_133776	1
chr17	H2-EB1:NM_010382	1
chr17	H2-OA:NM_008206	1
chr17	HAAO:NM_025325	1
chr17	HAGH:NM_024284:NM_001159626	1
chr17	HNRPLL:NM_144802	1
chr17	HSP90AB1:NM_008302	1
chr17	IGF2R:NM_010515	1
chr17	ITFG3:NM_207217	1
chr17	KHSRP:NM_010613	1
chr17	KLC4:NM_029091	1
chr17	LBH:NM_029999	1
chr17	LEMD2:NM_146075	1
chr17	LPIN2:NM_022882:NM_001164885	1
chr17	LTA:NM_010735	1
chr17	LTBP1:NM_019919:NM_206958	1
chr17	LUC7L:NM_025881:NM_028190	1
chr17	MRPL18:NM_026310	1
chr17	MRPL2:NM_025302	1
chr17	MSH6:NM_010830	1
chr17	NARFL:NM_026238	1
chr17	NDUFA11:NM_027244	1
chr17	NR_027316:NR_027316	1
chr17	NR_027452:NR_027452	1
chr17	NRM:NM_134122	1
chr17	ORF19:NM_026833:NM_001037757	1
chr17	PDE9A:NM_008804:NM_001163748	1
chr17	PIM1:NM_008842	1
chr17	PISD-PS2:NR_003519	1
chr17	PLA2G7:NM_013737	1
chr17	PLCL2:NM_013880	1
chr17	PLG:NM_008877	1
chr17	PPIL1:NM_026845	1
chr17	PPP1R11:NM_029632	1
chr17	PPT2:NM_019441	1
chr17	PRDM9:NM_144809	1
chr17	PRRT1:NM_030890	1
chr17	PSMB8:NM_010724	1
chr17	RAB11FIP3:NM_153140:NM_001162869:NM_001162868	1
chr17	RAB31:NM_133685	1
chr17	RAB44:NM_001002786	1
chr17	RGL2:NM_009059	1
chr17	RRP1B:NM_028244:NM_001163734	1
chr17	RSPH1:NM_025290	1
chr17	RSPH9:NM_029338	1
chr17	SFRS3:NM_013663	1
chr17	SFT2D1:NM_134114	1
chr17	SGOL1:NM_028232	1
chr17	SH3GL1:NM_013664	1
chr17	SLC22A3:NM_011395	1
chr17	SPATS1:NM_027649	1
chr17	SRBD1:NM_030133	1
chr17	SRPK1:NM_016795	1
chr17	STK38:NM_134115	1
chr17	STRN:NM_011500	1
chr17	SYNJ2:NM_001113352:NM_001113353:NM_001113351:NM_011523	1
chr17	TAP2:NM_011530	1
chr17	TAPBP:NM_009318:NM_001025313	1
chr17	TBC1D5:NM_028162	1
chr17	TCFEB:NM_001161722:NM_001161723:NM_011549	1
chr17	TCP1:NM_013686	1
chr17	TJAP1:NM_028751	1
chr17	TMEM181A:NM_001045538:NR_033520	1
chr17	TRERF1:NM_001097623:NM_172622	1
chr17	TRIM26:NM_001025599	1
chr17	TWSG1:NM_023053	1
chr17	UBE2I:NM_011665:NM_001177610:NM_001177609	1
chr17	VAV1:NM_001163815:NM_011691:NM_001163816	1
chr17	VEGFA:NM_009505:NM_001025257:NM_001025250:NM_001110268:NM_001110267:NM_001110266	1
chr17	VMAC:NM_178926:NM_001166474	1
chr17	WIZ:NM_212438:NM_011717:NR_033525	1
chr17	XDH:NM_011723	1
chr17	ZFAND3:NM_148926	1
chr17	ZFP13:NM_011747	1
chr17	ZFP523:NM_172617	1
chr17	ZSCAN10:NM_001033425	1
chr16	4931408A02RIK:NM_027627	1
chr16	ADCY5:NM_001012765	1
chr16	AP2M1:NM_009679	1
chr16	ARVCF:NM_033474	1
chr16	ATP13A5:NM_175650	1
chr16	ATP5O:NM_138597	1
chr16	ATP6V1A:NM_007508	1
chr16	B3GNT5:NM_054052:NM_001159408:NM_001159407	1
chr16	B4GALT4:NM_019804	1
chr16	BDH1:NM_175177:NM_001122683	1
chr16	BEX6:NM_001033539	1
chr16	BRWD1:NM_145125:NM_001103179:NM_176928	1
chr16	CBLB:NM_001033238	1
chr16	CCDC54:NM_027046	1
chr16	CCT8:NM_009840	1
chr16	CEP97:NM_028815:NM_001159364:NM_001159365:NM_001159366	1
chr16	CIITA:NM_007575	1
chr16	CLCN2:NM_009900	1
chr16	CLDN14:NM_001165925:NM_001165926:NM_019500	1
chr16	COX17:NM_001017429	1
chr16	CPN2:NM_027904	1
chr16	CRYBG3:NM_174848	1
chr16	D16ERTD472E:NM_025967	1
chr16	DLG1:NM_007862	1
chr16	DSCR3:NM_007834	1
chr16	E330017A01RIK:NM_175011	1
chr16	FAM131A:NM_133778	1
chr16	GABRR3:NM_001081190	1
chr16	GSK3B:NM_019827	1
chr16	HIC2:NM_178922	1
chr16	HTR1F:NM_008310	1
chr16	IFNAR2:NM_001110498:NM_010509	1
chr16	IL10RB:NM_008349	1
chr16	ILDR1:NM_134109	1
chr16	ITSN1:NM_001110276:NM_001110275:NM_010587	1
chr16	KCNE1:NM_008424	1
chr16	KCNJ6:NM_001025584:NM_010606:NM_001025590:NM_001025585	1
chr16	LITAF:NM_019980	1
chr16	LRRC33:NM_146069	1
chr16	MAPK1:NM_001038663:NM_011949	1
chr16	MED15:NM_033609:NM_001040683	1
chr16	MFI2:NM_013900	1
chr16	MGRN1:NM_029657	1
chr16	MMU-MIR-802:NR_030429	1
chr16	MUC4:NM_080457	1
chr16	MYLK:NM_139300	1
chr16	NAA50:NM_028108	1
chr16	NLRC3:NM_001081280	1
chr16	NM_001127725:NM_001127725	1
chr16	NMRAL1:NM_026393	1
chr16	NR_015543:NR_015543	1
chr16	NR_033476:NR_033476	1
chr16	OLFR164:NM_146451	1
chr16	PDIA5:NM_028295	1
chr16	PDXDC1:NM_001039533:NM_053181	1
chr16	PI4KA:NM_001001983	1
chr16	PRODH:NM_011172	1
chr16	RCAN1:NM_019466:NM_001081549	1
chr16	RIMBP3:NM_001033338	1
chr16	ROGDI:NM_133185	1
chr16	SENP5:NM_177103	1
chr16	SLC25A1:NM_153150	1
chr16	SNN:NM_009223	1
chr16	ST6GAL1:NM_145933	1
chr16	TOMM70A:NM_138599	1
chr16	TTC3:NM_009441	1
chr16	ZDHHC19:NM_199309	1
chr15	5031439G07RIK:NM_001033273	1
chr15	AC102176.1:NM_001166475	1
chr15	ACCN2:NM_009597	1
chr15	ANKRD33B:NM_027496:NM_001164441:NM_026153	1
chr15	ANO6:NM_175344	1
chr15	AQP5:NM_009701	1
chr15	ASAP1:NM_010026	1
chr15	ATAD2:NM_027435	1
chr15	ATF4:NM_009716	1
chr15	ATF7:NM_146065	1
chr15	AZIN1:NM_001102458:NM_018745	1
chr15	CACNA1I:NM_001044308	1
chr15	CBX7:NM_144811	1
chr15	CCNT1:NM_009833	1
chr15	CDC42EP1:NM_027219	1
chr15	CYP2D10:NM_010005	1
chr15	CYTH4:NM_028195	1
chr15	DERL1:NM_024207	1
chr15	EGFLAM:NM_178748	1
chr15	EIF4B:NM_145625	1
chr15	EP300:NM_177821	1
chr15	FAM113B:NM_172293	1
chr15	FAM134B:NM_001034851:NM_025459	1
chr15	FAM83H:NM_001168253:NM_134087	1
chr15	FBXO32:NM_026346	1
chr15	GALNT6:NM_001161768:NM_001161767:NM_172451	1
chr15	GDNF:NM_010275	1
chr15	GM628:NM_001033365	1
chr15	HDAC7:NM_019572	1
chr15	ITGB7:NM_013566	1
chr15	KCNK9:NM_001033876	1
chr15	KRT77:NM_001003667	1
chr15	KRT80:NM_028770	1
chr15	LIMA1:NM_023063:NM_001113545	1
chr15	LRP12:NM_172814	1
chr15	LRRC6:NM_019457	1
chr15	LRRK2:NM_025730	1
chr15	MAF1:NM_001164607:NM_026859:NM_001164608	1
chr15	MCHR1:NM_145132	1
chr15	MCRS1:NM_016766:NM_001164156	1
chr15	MTMR12:NM_172958	1
chr15	MYO10:NM_019472	1
chr15	NCF4:NM_008677	1
chr15	NDRG1:NM_008681	1
chr15	NFAM1:NM_028728	1
chr15	NFE2:NM_008685	1
chr15	NM_027211:NM_027211	1
chr15	NR_028442:NR_028442	1
chr15	NR_029414:NR_029414	1
chr15	PACSIN2:NM_011862:NM_001159510:NM_001159509	1
chr15	PDZD2:NM_001081064	1
chr15	PNPLA3:NM_054088	1
chr15	PPP1R16A:NM_033371	1
chr15	PTGER4:NM_001136079:NM_008965	1
chr15	RAC2:NM_009008	1
chr15	RAD21:NM_009009	1
chr15	RBX1:NM_019712	1
chr15	SAMM50:NM_178614	1
chr15	SCN8A:NM_001077499:NM_011323	1
chr15	SFRS2IP:NM_028148	1
chr15	SGSM3:NM_134091	1
chr15	SHARPIN:NM_025340	1
chr15	SLC38A2:NM_175121	1
chr15	SP7:NM_130458	1
chr15	SPAG1:NM_012031	1
chr15	STK3:NM_019635	1
chr15	TG:NM_009375	1
chr15	TMBIM6:NM_026669:NM_001171034:NM_001171036:NM_001171035	1
chr15	TNRC6B:NM_144812:NM_177124	1
chr15	TOB2:NM_020507	1
chr15	TRIOBP:NM_001039155:NM_138579:NM_001039156:NM_001024716	1
chr15	TTC33:NM_026213	1
chr15	TTC38:NM_001033337	1
chr15	TUBA1C:NM_009448	1
chr15	TXN2:NM_019913	1
chr15	TYMP:NM_138302:NM_001111288	1
chr15	XRCC6:NM_010247	1
chr15	ZBED4:NM_181412	1
chr15	ZFAT:NM_001145888:NM_198644	1
chr15	ZFP385A:NM_013866	1
chr15	ZFP622:NM_144523	1
chr15	ZFR:NM_011767	1
chr14	1190002H23RIK:NM_025427	1
chr14	1700123O20RIK:NM_021437	1
chr14	2310021P13RIK:NM_027996	1
chr14	5730469M10RIK:NM_027464	1
chr14	ABCC4:NM_001163675:NM_001163676:NM_001033336	1
chr14	AC154759.2:NM_001101433	1
chr14	AC164315.1:NR_015586	1
chr14	ANXA11:NM_013469	1
chr14	ARHGAP22:NM_153800	1
chr14	BTD:NM_025295	1
chr14	CACNA1D:NM_001083616:NM_028981	1
chr14	CLYBL:NM_029556	1
chr14	COLQ:NM_009937	1
chr14	D14ABB1E:NM_001114879:NM_028945	1
chr14	DNAJC15:NM_025384	1
chr14	DPH3:NM_172254:NM_001047433	1
chr14	DYDC1:NM_027094	1
chr14	EXTL3:NM_018788	1
chr14	FAM149B:NM_172379:NM_001024512:NM_001177633	1
chr14	GCH1:NM_008102	1
chr14	GMPR2:NM_177992	1
chr14	GPC5:NM_175500	1
chr14	GUCY1B2:NM_172810	1
chr14	HAUS4:NM_145462	1
chr14	HTR2A:NM_172812	1
chr14	IL3RA:NM_008369	1
chr14	ITIH3:NM_008407	1
chr14	ITM2B:NM_008410	1
chr14	JUB:NM_010590	1
chr14	KCNK5:NM_021542	1
chr14	KCNMA1:NM_010610	1
chr14	KIF13B:NM_001081177	1
chr14	KTN1:NM_008477	1
chr14	LCP1:NM_008879	1
chr14	LRP10:NM_022993	1
chr14	MAPK8:NM_016700	1
chr14	MED4:NM_026119	1
chr14	MMU-MIR-19A:NR_029785	1
chr14	N6AMT2:NM_026526	1
chr14	NEDD8:NM_008683	1
chr14	NKX3-1:NM_010921	1
chr14	NM_001033668:NM_001033668	1
chr14	NM_001101609:NM_001101609	1
chr14	NM_001164289:NM_001164289	1
chr14	OLFR1509:NM_020514	1
chr14	PCDH9:NM_001081377	1
chr14	PNP2:NM_001123371	1
chr14	PRKCD:NM_011103	1
chr14	PSMB5:NM_011186:NR_030457	1
chr14	REM2:NM_080726	1
chr14	RNASE10:NM_001162863:NM_029145	1
chr14	RPS24:NM_011297:NM_207635:NM_207634	1
chr14	SAMD8:NM_026283	1
chr14	SH3BP5:NM_011894	1
chr14	STAB1:NM_138672	1
chr14	TBC1D4:NM_001081278	1
chr14	TEP1:NM_009351	1
chr14	THRB:NM_001113417:NM_009380	1
chr14	TNFRSF19:NM_001164155:NM_013869	1
chr14	TNFSF11:NM_011613	1
chr14	UBE2E2:NM_144839	1
chr14	ZFP395:NM_199029	1
chr13	1300014I06RIK:NM_025831	1
chr13	2010111I01RIK:NM_028079	1
chr13	4833439L19RIK:NM_133797	1
chr13	ACTBL2:NM_175497	1
chr13	ADAMTS6:NM_001081020	1
chr13	ADCY2:NM_153534	1
chr13	AL591851.2:NR_024599	1
chr13	ARSB:NM_009712	1
chr13	ATG10:NM_025770	1
chr13	AW209491:NM_001104646:NM_134067	1
chr13	B3GALNT2:NM_178640	1
chr13	BC016423:NM_134063	1
chr13	BDP1:NM_001081061	1
chr13	CD180:NM_008533	1
chr13	CD83:NM_009856	1
chr13	CHRM3:NM_033269	1
chr13	COX7C:NM_007749	1
chr13	DIP2C:NM_001081426	1
chr13	DTNBP1:NM_025772	1
chr13	DUSP22:NM_134068:NM_001037955	1
chr13	ERO1LB:NM_026184	1
chr13	ESM1:NM_023612	1
chr13	FAM50B:NM_138746	1
chr13	FANCC:NM_001042673:NM_007985	1
chr13	GCM2:NM_008104	1
chr13	GKAP1:NM_019832	1
chr13	GLRX:NM_053108	1
chr13	GMDS:NM_146041	1
chr13	GMPR:NM_025508	1
chr13	GPBP1:NM_028487:NM_001122963	1
chr13	GRK6:NM_011938:NM_001038018:NM_001112711	1
chr13	HABP4:NM_019986	1
chr13	HCN1:NM_010408	1
chr13	HIST1H1C:NM_015786	1
chr13	HIST1H2BJ:NM_178198	1
chr13	HIVEP1:NM_007772	1
chr13	HNRNPK:NM_025279	1
chr13	HSD17B3:NM_008291	1
chr13	IRX4:NM_018885	1
chr13	ISCA1:NM_026921	1
chr13	JARID2:NM_021878	1
chr13	JMY:NM_021310	1
chr13	KIF2A:NM_001145779:NM_008442	1
chr13	LHFPL2:NM_172589	1
chr13	MAST4:NM_175171	1
chr13	MIER3:NM_172593	1
chr13	MMU-MIR-713:NR_030493	1
chr13	MMU-MIR-874:NR_030544	1
chr13	MOCS2:NM_001113374:NM_013826:NM_001113375	1
chr13	NHLRC1:NM_175340	1
chr13	NOL7:NM_023554	1
chr13	NR_015349:NR_015349	1
chr13	NR_015601:NR_015601	1
chr13	NXNL2:NM_029173	1
chr13	PHACTR1:NM_198419:NM_001005740:NM_001005748	1
chr13	POU6F2:NM_175006	1
chr13	PTCH1:NM_008957	1
chr13	RASGRF2:NM_009027	1
chr13	RNF180:NM_027934	1
chr13	RSL1:NM_001013769	1
chr13	RYR2:NM_023868	1
chr13	SERPINB9:NM_009256	1
chr13	SGTB:NM_144838	1
chr13	SLC17A4:NM_177016	1
chr13	SLC30A5:NM_022885	1
chr13	SLC35D2:NM_001001321	1
chr13	SLC6A19:NM_028878	1
chr13	STARD3NL:NM_024270	1
chr13	TCFAP2A:NM_001122948:NM_011547	1
chr13	TGFBI:NM_009369	1
chr13	TMEM161B:NM_175187:NR_029419:NR_029418	1
chr13	TMEM171:NM_001025606	1
chr13	TNPO1:NM_001048267:NM_178716	1
chr13	TPPP:NM_182839	1
chr13	TTC37:NM_001081352	1
chr13	UBQLN1:NM_026842:NM_152234	1
chr13	ZCCHC6:NM_153538	1
chr13	ZFP187:NM_001013786	1
chr13	ZFP366:NM_001004149	1
chr12	0610009D07RIK:NM_025323	1
chr12	1200009I06RIK:NM_028807	1
chr12	1700019E19RIK:NM_029601	1
chr12	1700108M19RIK:NM_027699	1
chr12	2410016O06RIK:NM_023633	1
chr12	4933426M11RIK:NM_178682	1
chr12	AKAP6:NM_198111	1
chr12	ANKRD9:NM_175207	1
chr12	ARF6:NM_007481	1
chr12	ASAP2:NM_001135192:NM_001098168:NM_001004364	1
chr12	ATAD2B:NM_001099628	1
chr12	ATP6V1D:NM_023721	1
chr12	BDKRB1:NM_007539	1
chr12	BRF1:NM_028193	1
chr12	CALM1:NM_009790	1
chr12	CLMN:NM_001040682:NM_053155	1
chr12	COQ6:NM_172582	1
chr12	CTAGE5:NM_146034:NM_001165254:NM_001165253	1
chr12	DIO2:NM_010050	1
chr12	DLK1:NM_010052	1
chr12	DOCK4:NM_172803	1
chr12	DPF3:NM_058212	1
chr12	DTNB:NR_027869:NM_001162465:NR_027870:NM_007886	1
chr12	EIF2S1:NM_026114	1
chr12	ENTPD5:NM_007647:NM_001026214	1
chr12	EVL:NM_007965:NM_001163394:NM_001163395:NM_001163396	1
chr12	FAM161B:NM_172581	1
chr12	FLRT2:NM_201518	1
chr12	GM71:NM_001033236	1
chr12	GPR132:NM_019925	1
chr12	GREB1:NM_015764	1
chr12	GRHL1:NM_001161406:NM_145890	1
chr12	HEATR5A:NM_177171	1
chr12	IMMP2L:NM_053122	1
chr12	JDP2:NM_030887	1
chr12	KIDINS220:NM_001081378	1
chr12	KLF11:NM_178357	1
chr12	MMU-MIR-153:NR_029563	1
chr12	MMU-MIR-203:NR_029590	1
chr12	MMU-MIR-681:NR_030450	1
chr12	MNAT1:NM_008612	1
chr12	NFKBIA:NM_010907	1
chr12	NIN:NM_001081453:NM_008697	1
chr12	NM_001177503:NM_001177503	1
chr12	NR_015481:NR_015481	1
chr12	NR_028520:NR_028520	1
chr12	NRXN3:NM_172544	1
chr12	PACS2:NM_001081170	1
chr12	PIK3CG:NM_001146201:NM_020272:NM_001146200	1
chr12	PLD4:NM_178911	1
chr12	PNN:NM_008891	1
chr12	PSMA3:NM_011184	1
chr12	PXDN:NM_181395	1
chr12	RAB10:NM_016676	1
chr12	RAGE:NM_011973	1
chr12	RCOR1:NM_198023	1
chr12	ROCK2:NM_009072	1
chr12	SDCCAG1:NM_025441	1
chr12	SERPINA3F:NM_001168295:NM_001168294:NM_001033335	1
chr12	SERPINA3G:NM_009251	1
chr12	SERPINA3K:NM_011458	1
chr12	SLC10A1:NM_011387:NM_001177561	1
chr12	SYNE2:NM_001005510	1
chr12	SYNJ2BP:NM_025292	1
chr12	TMED10:NM_026775	1
chr12	TMEM229B:NM_001170401:NM_178745	1
chr12	TNFAIP2:NM_009396	1
chr12	TSPAN13:NM_025359	1
chr12	TTC32:NM_029321	1
chr12	VIPR2:NM_009511	1
chr12	VRK1:NM_011705:NM_001029844:NM_001029843	1
chr12	ZBTB25:NM_028356:NM_001172104	1
chr12	ZFP36L1:NM_007564	1
chr12	ZFP386:NM_019565:NM_001004066	1
chr11	1110031I02RIK:NM_025402	1
chr11	1110067D22RIK:NM_173752	1
chr11	1700006E09RIK:NM_029287	1
chr11	1700016K19RIK:NM_198637	1
chr11	1700125H20RIK:NM_028589	1
chr11	6030468B19RIK:NM_029964	1
chr11	ABI3:NM_025659:NM_001163464	1
chr11	ACAP1:NM_153788	1
chr11	ACCN1:NM_007384:NM_001034013	1
chr11	ACSF2:NM_153807	1
chr11	ACTR2:NM_146243	1
chr11	ADORA2B:NM_007413	1
chr11	AFTPH:NM_181411	1
chr11	AL604023.1:NR_015556	1
chr11	AL627205.4:NR_027059	1
chr11	ALOX12:NM_007440	1
chr11	AMAC1:NM_019871	1
chr11	ARHGAP23:NM_021493	1
chr11	ARHGDIA:NM_133796	1
chr11	ARL4D:NM_025404	1
chr11	ARL5C:NM_207231	1
chr11	AXIN2:NM_015732	1
chr11	BAIAP2:NM_130862:NM_001037754:NM_001037755	1
chr11	BC017643:NM_144832	1
chr11	BRCA1:NM_009764	1
chr11	BTBD17:NM_028055	1
chr11	C1QTNF1:NM_019959	1
chr11	C330016O10RIK:NM_145974	1
chr11	CACNB1:NM_145121:NM_001159320:NM_031173:NM_001159319	1
chr11	CCDC49:NM_026186	1
chr11	CCDC55:NM_001012309	1
chr11	CCDC99:NM_027411	1
chr11	CCM2:NM_146014	1
chr11	CCR7:NM_007719	1
chr11	CD79B:NM_008339	1
chr11	CDC42SE2:NM_178626	1
chr11	CDKL3:NM_001166655:NM_001166657:NM_001166656:NM_001166653:NM_153785:NM_001166654	1
chr11	CENPV:NM_028448	1
chr11	CISD3:NM_001085500	1
chr11	CLINT1:NM_001045520	1
chr11	CLTC:NM_001003908	1
chr11	CNOT8:NM_026949	1
chr11	CNTROB:NM_172560	1
chr11	COX10:NM_178379	1
chr11	CPD:NM_007754	1
chr11	CYB5D2:NM_001024926	1
chr11	D11BWG0517E:NM_001039167:NM_001039168:NM_001024931	1
chr11	DDC:NM_016672	1
chr11	DDX56:NM_026538	1
chr11	DHRS7B:NM_145428:NM_001172112	1
chr11	DHX40:NM_026191	1
chr11	DLG4:NM_007864:NM_001109752	1
chr11	DPH1:NM_144491	1
chr11	DUSP3:NM_028207	1
chr11	EHBP1:NM_153078	1
chr11	ENGASE:NM_172573	1
chr11	EPN2:NM_010148	1
chr11	EWSR1:NM_007968	1
chr11	FAM101B:NM_029658	1
chr11	FAM117A:NM_172543	1
chr11	FGF11:NM_010198	1
chr11	FOXN1:NM_008238	1
chr11	GALNT10:NM_134189	1
chr11	GCGR:NM_008101	1
chr11	GCK:NM_010292	1
chr11	GFPT2:NM_013529	1
chr11	GGNBP2:NM_153144	1
chr11	GHDC:NM_031871	1
chr11	GJC2:NM_175452:NM_080454	1
chr11	GM525:NM_001033266	1
chr11	GPR142:NM_181749	1
chr11	GRB2:NM_008163	1
chr11	GRN:NM_008175	1
chr11	HEXDC:NM_001001333:NM_001146073	1
chr11	HEXIM1:NM_138753	1
chr11	HNF1B:NM_009330	1
chr11	HNRNPAB:NM_001048061:NM_010448	1
chr11	HORMAD2:NM_029458	1
chr11	HSPA4:NM_008300	1
chr11	IL12B:NM_008352	1
chr11	IL13:NM_008355	1
chr11	INPP5K:NM_008916	1
chr11	INTS2:NM_027421	1
chr11	IRGM1:NM_008326	1
chr11	KPNA2:NM_010655	1
chr11	KPNB1:NM_008379	1
chr11	KRT222:NM_172946	1
chr11	KRT28:NM_027574	1
chr11	LASP1:NM_010688	1
chr11	LCP2:NM_010696	1
chr11	LRRC45:NM_153545	1
chr11	MAFG:NM_010756	1
chr11	MAP3K14:NM_016896	1
chr11	MAPT:NM_010838:NM_001038609	1
chr11	MED13:NM_001080931	1
chr11	MED24:NM_011869	1
chr11	MED7:NM_001104530:NM_001104557:NM_001104556:NM_025426	1
chr11	MEOX1:NM_010791	1
chr11	METT10D:NM_026197	1
chr11	MLLT6:NM_139311	1
chr11	MMU-MIR-142:NR_029555	1
chr11	MMU-MIR-146A:NR_029558	1
chr11	MMU-MIR-152:NR_029562	1
chr11	MMU-MIR-365-2:NR_029959	1
chr11	MPP3:NM_007863	1
chr11	MRC2:NM_008626	1
chr11	MRPS23:NM_024174	1
chr11	MYCBPAP:NM_170671	1
chr11	MYH3:NM_001099635	1
chr11	MYO1C:NM_008659:NM_001080774:NM_001080775	1
chr11	MYO1D:NM_177390	1
chr11	NAGLU:NM_013792	1
chr11	NARF:NM_026272	1
chr11	NBR1:NM_008676	1
chr11	NEK8:NM_080849	1
chr11	NF2:NM_010898	1
chr11	NM_026751:NM_026751	1
chr11	NR_003517:NR_003517:NR_003518	1
chr11	NR_030756:NR_030756	1
chr11	NR1D1:NM_145434	1
chr11	NSG2:NM_008741	1
chr11	NTN1:NM_008744	1
chr11	NXPH3:NM_130858	1
chr11	OLFR225:NM_001011740	1
chr11	OSM:NM_001013365	1
chr11	P140:NM_018873	1
chr11	P2RX5:NM_033321	1
chr11	PATZ1:NM_019574	1
chr11	PDK2:NM_133667	1
chr11	PHF15:NM_199299	1
chr11	PIK3R6:NM_001081566:NM_001004435	1
chr11	PIP4K2B:NM_054051	1
chr11	PIPOX:NM_008952	1
chr11	PITPNC1:NM_145823	1
chr11	PLXDC1:NM_028199:NM_001163608	1
chr11	POLR2A:NM_009089	1
chr11	PPM1E:NM_177167	1
chr11	PPP1R1B:NM_144828	1
chr11	PPP1R9B:NM_172261	1
chr11	PPP3R1:NM_024459	1
chr11	PTRH2:NM_175004:NM_001098810	1
chr11	RABEP1:NM_019400	1
chr11	RAMP3:NM_019511	1
chr11	RAPGEF6:NM_175258	1
chr11	RARA:NM_009024:NM_001177302:NM_001177303:NM_001176528	1
chr11	RHBDD3:NM_177370	1
chr11	RHBDL3:NM_139228	1
chr11	RP23-290B5.1:NM_001105561	1
chr11	RP23-311O20.1:NM_028669	1
chr11	RPA1:NM_026653:NM_001164223	1
chr11	RPL27:NM_011289	1
chr11	RPTOR:NM_028898	1
chr11	SAMD14:NM_146025	1
chr11	SAP30BP:NM_020483	1
chr11	SDK2:NM_172800	1
chr11	SERTAD2:NM_021372:NM_001038625	1
chr11	SGCD:NM_011891	1
chr11	SGSM2:NM_197943	1
chr11	SH3BP5L:NM_024480:NM_001161338	1
chr11	SLC22A5:NM_011396	1
chr11	SLC25A39:NM_026542	1
chr11	SLC38A10:NM_001164800:NM_024249:NM_001164798:NM_001164799:NM_001164802:NM_001164801	1
chr11	SLC46A1:NM_026740	1
chr11	SLC47A2:NM_001033542	1
chr11	SLC4A1:NM_011403	1
chr11	SLFN1:NM_011407	1
chr11	SLFN2:NM_011408	1
chr11	SMCR8:NM_175491:NM_001085440	1
chr11	SMEK2:NM_134034	1
chr11	SMG6:NM_001002764	1
chr11	SMTN:NM_001159284:NM_013870	1
chr11	SOCS3:NM_007707	1
chr11	SPRED2:NM_033523	1
chr11	SRP68:NM_146032	1
chr11	SRR:NM_013761:NM_001163311	1
chr11	ST6GALNAC2:NM_009180	1
chr11	STAC2:NM_146028	1
chr11	STAT3:NM_213660:NM_011486:NM_213659	1
chr11	STRA13:NM_016665	1
chr11	STRADA:NM_028126	1
chr11	STX8:NM_018768	1
chr11	TAC4:NM_053093	1
chr11	TADA2L:NM_172562	1
chr11	TAF15:NM_027427	1
chr11	TBX4:NM_011536:NM_172798	1
chr11	TEKT1:NM_011569	1
chr11	TEX2:NM_198292	1
chr11	TMC6:NM_145439:NM_181321	1
chr11	TMC8:NM_181856	1
chr11	TMEM104:NM_001033393	1
chr11	TMEM107:NM_028336:NM_025838	1
chr11	TMEM17:NM_153596	1
chr11	TMEM49:NM_029478:NR_029738	1
chr11	TMUB2:NM_028076	1
chr11	TNFAIP1:NM_001159392:NM_009395	1
chr11	TNRC6C:NM_198022	1
chr11	TOB1:NM_009427	1
chr11	TOP3A:NM_009410	1
chr11	TRIM11:NM_053168	1
chr11	TRIM16:NM_053169	1
chr11	TRPV2:NM_011706	1
chr11	UGP2:NM_139297	1
chr11	URGCP:NM_178623:NM_001077661	1
chr11	VPS53:NM_026664	1
chr11	WBP2:NM_016852	1
chr11	WWC1:NM_170779	1
chr11	XBP1:NM_013842	1
chr11	ZBTB4:NM_029348	1
chr11	ZFP286:NM_138949	1
chr11	ZFP354C:NM_013922	1
chr10	1700020N01RIK:NR_027968	1
chr10	1810008A18RIK:NM_133998	1
chr10	3110049J23RIK:NM_026085	1
chr10	ADAMTS14:NM_001081127	1
chr10	ADAT3:NM_001100606	1
chr10	ADO:NM_001005419	1
chr10	AES:NM_010347	1
chr10	ANKRD57:NM_172939	1
chr10	ARMC2:NM_001034858	1
chr10	ASCC3:NM_001146089:NM_198007	1
chr10	ATP8B3:NM_026094	1
chr10	BAZ2A:NM_054078	1
chr10	BC025920:NR_030677	1
chr10	BCR:NM_001081412	1
chr10	CHST3:NM_016803	1
chr10	CIRBP:NM_007705	1
chr10	CNOT2:NM_001037847:NR_024327:NM_028082:NM_001037846:NM_001037848	1
chr10	COL13A1:NM_007731	1
chr10	CSTB:NM_007793	1
chr10	CYTSA:NM_153406:NM_001145826	1
chr10	D10JHU81E:NM_138601	1
chr10	D630037F22RIK:NM_001033385	1
chr10	DNA2:NM_177372	1
chr10	DSE:NM_172508	1
chr10	EEA1:NM_001001932	1
chr10	ESR1:NM_007956	1
chr10	FOXO3:NM_019740	1
chr10	GAMT:NM_010255	1
chr10	GM5134:NM_198635	1
chr10	HNRNPH3:NM_001079824	1
chr10	IFNGR1:NM_010511	1
chr10	IL23A:NM_031252	1
chr10	IRAK3:NM_028679	1
chr10	KRR1:NM_178610	1
chr10	LGR5:NM_010195	1
chr10	LRP1:NM_008512	1
chr10	MARCKS:NM_008538	1
chr10	MATK:NM_010768	1
chr10	METAP2:NM_019648	1
chr10	MICAL1:NM_138315:NM_001164433	1
chr10	MTERFD3:NM_028832	1
chr10	MTRF1L:NM_175374	1
chr10	MYB:NM_010848	1
chr10	MYBPC1:NM_175418	1
chr10	NAP1L1:NM_015781:NM_001146707	1
chr10	NCLN:NM_134009	1
chr10	NFIC:NM_026756:NM_008688	1
chr10	NM_001163614:NM_001163614	1
chr10	NR_015572:NR_015572	1
chr10	NT5DC3:NM_175331	1
chr10	NUAK1:NM_001004363	1
chr10	NXPH4:NM_183297	1
chr10	OAZ1:NM_008753:NR_027656	1
chr10	P4HA1:NM_011030	1
chr10	PCBP3:NM_021568	1
chr10	PDXK:NM_172134	1
chr10	PERP:NM_022032	1
chr10	PHLDA1:NM_009344	1
chr10	PIP4K2C:NM_054097	1
chr10	PLEKHG1:NM_001033253:NM_001159942	1
chr10	PLXNC1:NM_018797	1
chr10	POPDC3:NM_024286	1
chr10	PPM1H:NM_176919:NM_001110218	1
chr10	PTGES3:NM_019766	1
chr10	QRSL1:NM_001081054	1
chr10	RAB3IP:NM_001003950	1
chr10	RAET1D:NM_009016:NM_009017:NM_009018:NM_020030	1
chr10	RASSF3:NM_138956	1
chr10	RHOBTB1:NM_001081347	1
chr10	S1PR4:NM_010102	1
chr10	SASH1:NM_175155	1
chr10	SBNO2:NM_183426	1
chr10	SCAMP4:NM_019575	1
chr10	SCML4:NM_172938	1
chr10	SH3RF3:NM_172788	1
chr10	SHMT2:NM_028230	1
chr10	SLC29A3:NM_023596	1
chr10	SLC41A2:NM_177388	1
chr10	SNX3:NM_017472	1
chr10	STXBP5:NM_001081344	1
chr10	SUOX:NM_173733	1
chr10	SYN3:NM_013722:NM_001164495	1
chr10	SYNE1:NM_001079686:NM_022027	1
chr10	TAAR8A:NM_001010830	1
chr10	TBK1:NM_019786	1
chr10	TBXA2R:NM_009325	1
chr10	THEG:NM_011583:NM_199226	1
chr10	THOP1:NM_022653	1
chr10	TJP3:NM_013769	1
chr10	TMEM26:NM_177794	1
chr10	TMPO:NM_001080132:NM_001080130:NM_001080129:NM_001080131:NM_001080134:NM_011605	1
chr10	TMTC2:NM_177368	1
chr10	TRAF3IP2:NM_134000	1
chr10	UPB1:NM_133995	1
chr10	USP15:NM_027604	1
chr10	VPREB3:NM_009514	1
chr10	VPS26A:NM_001113355:NM_133672	1
chr10	WDR18:NM_175450	1
chr10	WDR51B:NM_027740	1
chr10	ZBTB7A:NM_010731	1
chr10	ZC3H12D:NM_172785	1
chr10	ZWINT:NM_025635	1
chr1	1110028C15RIK:NM_177645:NM_001122738	1
chr1	2010300C02RIK:NM_028096	1
chr1	2900060B14RIK:NR_027901	1
chr1	3110009E18RIK:NM_028439:NM_001172074	1
chr1	4922505E12RIK:NM_001033547	1
chr1	4930455F23RIK:NM_029115	1
chr1	4930523C07RIK:NR_028111:NM_001162896	1
chr1	6330403A02RIK:NM_001081227	1
chr1	AAMP:NM_146110	1
chr1	ABL2:NM_009595:NM_001136104	1
chr1	AC114655.1:NR_015466	1
chr1	AC119809.2:NM_001145660	1
chr1	ADSS:NM_007422	1
chr1	AGFG1:NM_010472	1
chr1	AI848100:NM_172645	1
chr1	ANGEL2:NM_021421	1
chr1	AOX3L1:NM_001008419	1
chr1	AOX4:NM_023631	1
chr1	ARID5A:NM_145996:NM_001172206:NM_001172205:NR_033310	1
chr1	ARMC9:NM_030184:NM_027456	1
chr1	ARPC2:NM_029711	1
chr1	ASB1:NM_001039126:NM_023046	1
chr1	ASB18:NM_139152	1
chr1	ATF3:NM_007498	1
chr1	ATP1A4:NM_013734	1
chr1	ATP6V1H:NM_133826	1
chr1	BC003331:NM_145511:NM_001077237	1
chr1	BCS1L:NM_025784	1
chr1	BEND6:NM_177235	1
chr1	BOK:NM_016778	1
chr1	CABC1:NM_001163290:NM_023341	1
chr1	CACNA1E:NM_009782	1
chr1	CACNA1S:NM_001081023:NM_014193	1
chr1	CASP8:NM_009812:NM_001080126	1
chr1	CCDC121:NM_207280	1
chr1	CD244:NM_018729	1
chr1	CD55:NM_010016	1
chr1	CD84:NM_013489	1
chr1	CDK15:NM_001033373	1
chr1	CRB1:NM_133239	1
chr1	CREG2:NM_170597	1
chr1	CSPP1:NM_026493	1
chr1	CTDSP1:NM_153088	1
chr1	CTLA4:NM_009843	1
chr1	CUL3:NM_016716	1
chr1	DENND1B:NM_001166501:NM_181347	1
chr1	DGKD:NM_177646	1
chr1	DST:NM_133833:NM_134448	1
chr1	DTYMK:NM_001105667:NM_023136	1
chr1	EFHD1:NM_028889	1
chr1	EN1:NM_010133	1
chr1	ERCC5:NM_011729	1
chr1	FAM72A:NM_175382	1
chr1	FASL:NM_010177	1
chr1	FCGR2B:NM_010187:NM_001077189	1
chr1	FCGR3:NM_010188	1
chr1	GLT25D2:NM_177756	1
chr1	GM5138:NR_004447	1
chr1	IER5:NM_010500	1
chr1	IGFBP2:NM_008342	1
chr1	IGSF8:NM_080419	1
chr1	IL1R2:NM_010555	1
chr1	ING5:NM_025454	1
chr1	INHBB:NM_008381	1
chr1	INPP4A:NM_030266:NM_172971	1
chr1	INTS7:NM_178632	1
chr1	ITPKB:NM_001081175	1
chr1	KCNH1:NM_010600:NM_001038607	1
chr1	KCTD3:NM_172650	1
chr1	KMO:NM_133809	1
chr1	LAMB3:NM_008484	1
chr1	LAMC2:NM_008485	1
chr1	LAX1:NM_172842:NM_001159649	1
chr1	LCT:NM_001081078	1
chr1	LEFTY1:NM_010094	1
chr1	LEFTY2:NM_177099	1
chr1	LHX4:NM_010712	1
chr1	LPGAT1:NM_172266:NM_001134829	1
chr1	LRRN2:NM_010732	1
chr1	MITD1:NM_026913	1
chr1	MOSC2:NM_133684	1
chr1	MPZ:NM_008623	1
chr1	MPZL1:NM_001083897:NM_001001880	1
chr1	MRPL30:NM_027098	1
chr1	MSC:NM_010827	1
chr1	NCKAP5:NM_172484:NM_001081756:NM_176957	1
chr1	NEK2:NM_010892	1
chr1	NEK7:NM_021605	1
chr1	NEU4:NM_173772	1
chr1	NIF3L1:NM_022988	1
chr1	NM_001177364:NM_001177364	1
chr1	NM_029122:NM_029122	1
chr1	NRP2:NM_001077407:NM_001077406:NM_001077403:NM_010939:NM_001077405:NM_001077404	1
chr1	NUAK2:NM_028778	1
chr1	NUF2:NM_023284	1
chr1	OBFC2A:NM_028696	1
chr1	OPTC:NM_001160421:NM_054076:NM_001160420:NM_001160422	1
chr1	PAQR8:NM_028829	1
chr1	PARP1:NM_007415	1
chr1	PAX3:NM_008781:NM_001159520	1
chr1	PCMTD1:NM_183028	1
chr1	PGAP1:NM_001163314	1
chr1	PHF3:NM_001081080	1
chr1	PIK3C2B:NM_001099276	1
chr1	PLA2G4A:NM_008869	1
chr1	PNKD:NM_025580:NM_001039509:NM_019999	1
chr1	POU2F1:NM_198934:NM_198933:NM_011137:NM_198932	1
chr1	PPIL3:NM_027351:NM_027374	1
chr1	PPP1R12B:NM_001081307:NR_015606	1
chr1	PPP1R15B:NM_133819	1
chr1	PRIM2:NM_008922	1
chr1	PRKAG3:NM_153744	1
chr1	PRRX1:NM_011127:NM_175686:NM_001025570	1
chr1	PRSS39:NM_009355	1
chr1	PTGS2:NM_011198	1
chr1	QSOX1:NM_023268:NM_001024945	1
chr1	RAB3GAP2:NM_001163754	1
chr1	RAMP1:NM_178401:NM_016894:NM_001168392	1
chr1	RBM44:NM_001033408	1
chr1	RD3:NM_023727	1
chr1	REFBP2:NM_019484	1
chr1	RGL1:NM_016846	1
chr1	RP23-374K2.1:NR_027824	1
chr1	RPL37A:NM_009084	1
chr1	RPL7:NM_011291	1
chr1	SATB2:NM_139146	1
chr1	SDHC:NM_025321	1
chr1	SF3B1:NM_031179	1
chr1	SLAMF6:NM_030710	1
chr1	SLAMF7:NM_144539	1
chr1	SLC39A10:NM_172653	1
chr1	SMARCAL1:NM_018817	1
chr1	SOAT1:NM_009230	1
chr1	SRP9:NM_012058	1
chr1	ST18:NM_173868	1
chr1	SYT14:NM_181546	1
chr1	TBX19:NM_032005	1
chr1	TCEA1:NM_001159750:NM_011541:NM_001159751	1
chr1	TMEM63A:NM_144794	1
chr1	TNNI1:NM_021467:NM_001112702	1
chr1	TNNT2:NM_001130180:NM_001130179:NM_001130178:NM_001130177:NM_001130175:NM_001130174:NM_011619:NM_001130181:NM_001136083:NM_001130176	1
chr1	TPP2:NM_009418	1
chr1	TRAF3IP3:NM_153137	1
chr1	TRAF5:NM_011633	1
chr1	TRAM1:NM_028173	1
chr1	TRAM2:NM_133252:NM_177409	1
chr1	TRP53BP2:NM_173378	1
chr1	TRPA1:NM_177781	1
chr1	TUBA4A:NM_009447	1
chr1	UHMK1:NM_010633	1
chr1	VANGL2:NM_033509	1
chr1	VASH2:NM_144879:NR_027352	1
chr1	VSIG8:NM_177723:NR_027644	1
chr1	WDR75:NM_028599	1
chr1	YSK4:NM_011737	1
chr1	ZAP70:NM_009539	1
chr1	ZFP142:NM_029888	1
chr1	ZFP238:NM_001012330:NM_013915	1
